CREF ;CDETALLE ;IDFAMILIA ;CFORMATO ;LKIT ;LPESO ;NBENEFPVP ;NCOSTEDIV ;NCOSTEPROM ;NPCONIVA ;NPVP ;NSTOCKMAX ;NSTOCKMIN 
8810294;TOMA DE FUERZA ZF 6/90 PI?ON GUIADO;88;;0;0;30;176,9;0,01;271,3646;229,97;0;0
01.CASQUILLOTORNIL;CASQUILLO CON TORNILLO;1;;0;0;0;0;0;1,74;1,5;0;0
01.PLOMO.;PLOMO DE 12 PARA PRENSAR CABLE;1;;0;0;0;0;0;7,08;6;0;0
01AA0006;ARANDELA DE ALA ANCHA 6;1;;0;0;0;0,14;0,14;0;0;0;0
01AA0008;ARANDELA DE ALA ANCHA 8;1;;0;0;0;0,16;0,16;0;0;0;0
01AA0014;ARANDELA DE ALA ANCHA 14;1;;0;0;30;0,17;0,17;0,2596;0,22;0;0
01AA0016;ARANDELA DE ALA ANCHA 16;1;;0;0;30;0,21;0,21;0,3186;0,27;0;0
01AG0008;ARANDELA GROVER 8 MM;1;;0;0;25;0;0,02;0,0236;0,02;0;0
01AG0010;ARANDELA GROVER 10;1;;0;0;30;0,04;0,04;0,059;0,05;0;0
01AG0012;ARANDELA GROVER 12;1;;0;0;30;0,04;0,04;0,0826;0,07;0;0
01AG0014;ARANDELA GROVER 14;1;;0;0;30;0,05;0,05;0,118;0,1;0;0
01AG0016;ARANDELA GROVER 16;1;;0;0;30;0,08;0,11;0,177;0,15;0;0
01AP0006;ARANDELA PLANA 6;1;;0;0;0;0,01;0,01;0,0354;0,03;0;0
01AP0008;ARANDELA PLANA DE 8;1;;0;0;50;0,01;0,01;0,0236;0,02;0;0
01AP0010;ARANDELA PLANA 10;1;;0;0;30;0,02;0,02;0,0236;0,02;0;0
01AP0012;ARANDELA PLANA 12;1;;0;0;30;0,02;0,02;0,059;0,05;0;0
01AP0014;ARANDELA PLANA 14;1;;0;0;30;0,05;0,05;0,1062;0,09;0;0
01AP0016;ARANDELA PLANA 16;1;;0;0;30;0,04;0,04;0,118;0,1;0;0
01CA0630;TORNILLO CARROCERO 6 X 30;1;;0;0;35;0,05;0,05;0,0944;0,08;0;0
01CA0640;TORNILLO CARROCERO 6 X 40;1;;0;0;30;0,06;0,06;0,1298;0,11;0;0
01CA0650;TORNILLO CARROCERO 6 X 50;1;;0;0;30;0,13;0,13;0,1416;0,12;0;0
01CA0730;TORNILLO CARROCERO 7 X 30;1;;0;0;40;0,08;0,08;0,1534;0,13;0;0
01CA0740;TORNILLO CARROCERO 7 X 40;1;;0;0;30;0,08;0,08;0,1534;0,13;0;0
01CA0750;TORNILLO CARROCERO 7 X 50;1;;0;0;30;0,07;0,07;0,1416;0,12;0;0
01CA0760;TORNILLO CARROCERO 7 X 60;1;;0;0;40;0;0,11;0,177;0,15;0;0
01CA0880;TORNILLO CARROCERO 8 X 80;1;;0;0;40;0;0,11;0;0;0;0
01CA1040;TORNILLO CARROCERO 10 X 40;1;;0;0;30;0,12;0,12;0,1888;0,16;0;0
01CA1060;TORNILLO CARROCERO 10 X 60;1;;0;0;30;0,13;0,13;0,1888;0,16;0;0
01EA1025;TORNILLO EXG. ACERO 10 X 25;1;;0;0;30;0,09;0,09;0,2832;0,24;0;0
01EA1030;TORNILLO EXG. ACERO 10 X 30;1;;0;0;50;0,08;0,08;0,7434;0,63;0;0
01EA1035;TORNILLO EXG. ACERO 10 X 35;1;;0;0;30;0,12;0,12;0,5428;0,46;0;0
01EA1040;TORNILLO EXG. ACERO 10 X 40;1;;0;0;30;0,1;0,1;0,6372;0,54;0;0
01EA1050;TORNILLO EXG. ACERO 10 X 50;1;;0;0;40;0;0,11;0;0;0;0
01EA1240;TORNILLO EXG. ACERO 12 X 40;1;;0;0;30;0,13;0,13;0,354;0,3;0;0
01EA1250;TORNILLO EXG. ACERO 12 X 50;1;;0;0;30;0,16;0,16;0,354;0,3;0;0
01EA1440;TORNILLO EXG. ACERO 14 X 40;1;;0;0;50;0,19;0,19;1,4278;1,21;0;0
01EA1450;TORNILLO EXG. ACERO 14 X 50;1;;0;0;30;0,23;0,38;1,3806;1,17;0;0
01EA1460;TORNILLO EXG. ACERO 14X60;1;;0;0;17;0;0,01;0,0472;0,04;0;0
01EA1470;TORNILLO EXG. ACERO 14X70;1;;0;0;40;0;1;1,652;1,4;0;0
01EA1640;TORNILLO EXG. ACERO 16 X 40;1;;0;0;30;0,25;0,25;1,062;0,9;0;0
01EA1650;TORNILLO EXG. ACERO 16 X 50;1;;0;0;0;0,4;0,4;0;0;0;0
01EA1665;TORNILLO EXG. ACERO 16 X 65;1;;0;0;0;0,39;0,39;0;0;0;0
01EA1680;TORNILLO EXG. ACERO 16 X 80;1;;0;0;0;0;0;0;0;0;0
01EA2140;TRONILLO EXG. ACERO 12 X 140;1;;0;0;30;0,72;0,72;1,2626;1,07;0;0
01EC0630;TORNILLO EXG. CINCADO 6 X 30;1;;0;0;30;0,05;0,1;0,1534;0,13;0;0
01EC0815;TORNILLO EXG. CINCADO 8 X 15;1;;0;0;30;0,02;0,02;0,1416;0,12;0;0
01EC0820;TORNILLO EXG. CINCADO 8 X 20;1;;0;0;30;0,03;0,03;0,2006;0,17;0;0
01EC0825;TORNILLO EXG. CINCADO 8 X 25;1;;0;0;30;0,03;0,03;0,1888;0,16;0;0
01EC0830;TORNILLO EXG. CINCADO 8 X 30;1;;0;0;30;0,03;0,03;0,2714;0,23;0;0
01EC0840;TORNILLO EXG. CINCADO 8 X 40;1;;0;0;30;0,04;0,04;0,2596;0,22;0;0
01EC0850;TORNILLO EXG. CINCADO 8 X 50;1;;0;0;40;0;0,65;1,0738;0,91;0;0
01EC0860;TORNILLO EXG. CINCADO 8 X 60;1;;0;0;40;0;0,6;0,9912;0,84;0;0
01EC0870;TORNILLO EXG. CINCADO 8 X 70;1;;0;0;40;0;0,6;0,9912;0,84;0;0
01EC0880;TORNILLO EXG. CINCADO 8 X 80;1;;0;0;30;0,1;0,1;0,9912;0,84;0;0
01EC0890;TORNILLO EXG. CINCADO 8 X 90;1;;0;0;30;0,87;0,87;1,4396;1,22;150;6
01EC1030;TORNILLO EXG. CINCADO 10 X 30;1;;0;0;30;0,06;0,06;0,4012;0,34;0;0
01EC1040;TORNILLO EXG. CINCADO 10 X 40;1;;0;0;30;0,07;0,07;0,4838;0,41;0;0
01EC1050;TORNILLO EXG. CINCADO 10 X 50;1;;0;0;40;0,09;0,09;0;0;0;0
01EC1060;TORNILLO EXG. CINCADO 10 x 60;1;;0;0;0;0,12;0,12;0;0;0;0
01EC1070;TORNILLO EXG. CINCADO 10 x 70;1;;0;0;0;0,11;0,11;0;0;0;0
01EC1080;TORNILLO EXG. CINCADO 10 x 80;1;;0;0;30;0,13;0,13;0,708;0,6;0;0
01EC1235;TORNILLO EXG. CINCADO 12 X 35;1;;0;0;50;0,09;0,09;0,6844;0,58;0;0
01EC1240;TORNILLO EXG. CINCADO 12 X 40;1;;0;0;20;0,1;0,1;0,1298;0,11;0;0
01EC1250;TORNILLO EXG. CINCADO 12 X 50;1;;0;0;30;0,1;0,1;0,1416;0,12;0;0
01EC1260;TORNILLO EXG. CINCADO 12 X 60;1;;0;0;0;0,13;0,13;1,1682;0,99;0;0
01EC1270;TORNILLO EXG. CINCADO 12 X 70;1;;0;0;15;0,14;0,14;1,357;1,15;0;0
01EC1280;TORNILLO EXG. CINCADO 12 X 80;1;;0;0;30;0,16;0,16;1,0148;0,86;0;0
01EC1440;TORNILLO EXG. CINCADO 14 X 40;1;;0;0;30;0,14;0,14;0,9322;0,79;0;0
01EC1445;TORNILLO EXG. CINCADO 14 X 45;1;;0;0;0;0,17;0,17;0;0;0;0
01EC1450;TORNILLO EXG. CINCADO 14 X 50;1;;0;0;40;0;0,72;1,1918;1,01;0;0
01EC08100;TORNILLO EXG. CINCADO 8 X 100;;;0;0;3;0,93;0,93;1,1328;0,96;0;0
01EC10100;TORNILLO EXG. CINCADO 10 X 100;1;;0;0;30;0,9;0,9;1,3806;1,17;0;0
01EC10120;TORNILLO EXG. CINCADO 10 X 120;1;;0;0;30;0,95;0,95;1,4514;1,23;0;0
01EC10130;TORNILLO EXG. CINCADO 10 X 130;1;;0;0;30;0,93;0,93;0,4012;0,34;0;0
01EC12100;TORNILLO EXG. CINCADO 12 X 100;1;;0;0;30;0,8;0,8;0,8142;0,69;0;0
01TA0820;TORNILLO CABEZA ALLEN 8 X 20;1;;0;0;30;0,1;0,05;0,1534;0,13;0;0
01TA0825;TORNILLO CABEZA ALLEN 912 8 X 25;1;;0;0;30;0,08;0,08;0,1298;0,11;0;0
01TA0830;TORNILLO AVELLANADO 8 X 30;1;;0;0;30;0,07;0;0,0944;0,08;0;0
01TA10130;TORNILLO CABEZA ALLEN DE 10 X 130 + TUERCA DE FRENO;1;;0;0;0;0;0,9;1,5222;1,29;0;0
01TACFREN;TORNILLO ACERO TACO FRENO ELECTRICO 14/200 X 140/8;1;;0;0;30;1,88;1,88;2,891;2,45;0;0
01TB00M8;TUERCA AUTOBLOCANTE 8;1;;0;0;30;0,3;0,02;0,4602;0,39;0;0
01TB0M10;TUERCA AUTOBLOCANTE 10;1;;0;0;30;0,05;0,21;0,3186;0,27;0;0
01TB0M12;TUERCA AUTOBLOCANTE 12;1;;0;0;30;0,07;0,07;0,4602;0,39;0;0
01TB0M14;TUERCA AUTOBLOCANTE 14;1;;0;0;25;0,39;0,1;0,6018;0,51;0;0
01TB0M16;TUERCA AUTOBLOCANTE 16;1;;0;0;15;0,18;0,18;0,8142;0,69;0;0
01TB0006;TUERCA AUTOBLOCANTE 6;1;;0;0;50;2;0;0,0354;0,03;0;0
01TC0001;CHAMPI?ON DE HIERRO;1;;0;0;30;0,33;0,33;0,5074;0,43;0;0
01TN00M6;TUERCA NORMAL 6;1;;0;0;30;0,01;0,01;0,0472;0,04;0;0
01TN00M7;TUERCA NORMAL 7;1;;0;0;30;0,18;0,01;0,1416;0,12;0;0
01TN00M8;TUERCA NORMAL 8;1;;0;0;30;0,07;0,01;0,4248;0,36;0;0
01TN0M10;TUERCA NORMAL 10;1;;0;0;20;0;0,03;1,0974;0,93;0;0
01TN0M12;TUERCA NORMAL 12;1;;0;0;30;0,05;0,05;0,295;0,25;0;0
01TN0M14;TUERCA NORMAL 14;1;;0;0;30;0,24;0,24;0,3658;0,31;0;0
01TN0M16;TUERCA NORMAL 16;1;;0;0;20;0;0,3;0,4602;0,39;0;0
01TORN.AUTOP.;TORNILLO AUTO-PERFORANTE DE 6 X 45;1;;0;0;0;0;0;0,708;0,6;0;0
01TR00CR;TORNILLO ROSCA CHAPA C/CRUZA;1;;0;0;35;0,04;0,04;0,059;0,05;0;0
01VA0008;VARILLA ROSCADA CINCADA DE 8 M.M.;1;;0;0;50;0,43;0,43;0,7552;0,64;0;0
01VA0010;VARILLA ROSCADA CINCADA DE 10 M.M.;1;;0;0;20;0,96;0,96;1,1682;0,99;0;0
01VA0024;VARILLA ROSCADA CINCADA DE 24 M.M.;1;;0;0;30;4,12;4,12;6,3248;5,36;0;0
01VACI12;VARILLA ROSCADA CINCADA DE 12 M.M.;1;;0;0;40;1,04;1,04;1,711;1,45;0;0
01VACI14;VARILLA ROSCADA CINCADA DE 14 M.M.;1;;0;0;30;1,5;1,5;2,301;1,95;0;0
02.SINEMBL.ALEMAN;SINEMBLOC CON CARCASA DE ACERO TIPO ALEMAN;2;;0;0;0;16,9;16,9;29;25;0;0
02RA0516;REMACHE ALA ANCHA 5-16;2;;0;0;30;0,02;0,02;0,354;0,3;0;0
02RE4810;REMACHE ESTANCO 4.8-10;2;;0;0;30;0,03;0;0,0472;0,04;0;0
02RE4816;REMACHE ESTANCO 4.8-16;2;;0;0;30;0,05;0,05;0,0944;0,08;0;0
02RF4816;REMACHE FLOR 5 X 16;2;;0;0;30;0,04;0,04;0,118;0,1;0;0
02RM0001;REMACHE MONOBOLT;2;;0;0;30;0,18;0,18;0,3186;0,27;0;0
02RN0414;REMACHE NORMAL 4 X 14;2;;0;0;30;0,02;0,02;0,0354;0,03;0;0
02RN0510;REMACHE NORMAL 5 X 10;2;;0;0;40;0,02;0,02;0,0354;0,03;0;0
02RN0512;REMACHE NORMAL 5 X 12;2;;0;0;30;0,02;0,02;0,0354;0,03;0;0
02RN0516;REMACHE NORMAL 5-16;2;;0;0;30;0,02;0,02;0,1652;0,14;0;0
02RN0525;REMACHE NORMAL 5-25;2;;0;0;30;0,04;0,04;0,1062;0,09;0;0
02RN0535;REMACHE NORMAL 5 - 35;2;;0;0;30;0,05;0,05;0,1534;0,13;0;0
02RN0616;REMACHE NORMAL 6-16;2;;0;0;30;0,04;0,04;0,0826;0,07;0;0
03BO0001;BOTAS;3;;0;0;30;21,49;21,49;33,158;28,1;0;0
03CALZO3119;CALZO RUEDA CURVADO FIJACION TRANSPORTE DE VEHICULOS;3;;0;0;0;28,25;28,25;65,54;56,5;0;0
03CR0001;OCULARES BLANCOS 50MM;3;;0;0;30;0,26;0,26;0,4012;0,34;0;0
03CR0002;OCULARES NEGROS 50MM;3;;0;0;0;0,47;0,47;0;0;0;0
03CR0003;CRIST. BLANCOS PARA CARETA;3;;0;0;30;0,16;0,16;0,2832;0,24;0;0
03CR0004;CRIST. NEGROS PARA CARETA;3;;0;0;30;0,87;0,87;1,3334;1,13;0;0
03CS0001;CARETA PARA SOLDAR;3;;0;0;0;0;0;0;0;0;0
03GA0002;GAFAS SOPLETE;3;;0;0;30;500;3,01;4,6138;3,91;0;0
03GA0011;GAFAS DE PROTECCION CRISTAL AMARILLO/BLANCO GRAN VISION;3;;0;0;30;3,01;3,01;4,6138;3,91;0;0
03GU0001;GUANTES;3;;0;0;30;1,55;1,55;2,655;2,25;0;0
03MA0001;MANDILES;3;;0;0;30;5,41;5,41;8,2954;7,03;0;0
03MON001;MONOS DE TRABAJO;3;;0;0;30;12;0;18,408;15,6;0;0
03TAPONOIDO.;TAPON DE OIDO;3;;0;0;30;0,42;0,42;0,649;0,55;0;0
04.SILICONAMOFRA;SILICONA DE POLIURETANO BLANCO 300 ML.;4;;0;0;0;3,8;3,8;8,26;7;0;0
04ADHSUPERG;ADHESIVO CIANOCRILATO GRANDE;4;;0;0;50;11,48;11,48;17,4404;14,78;0;0
04SP0002;SILICONA DE POLIURETANO BLANCO BOTE 600 M.L.;4;;0;0;99;4,95;4,21;11,564;9,8;0;0
04SRFJAN;SILICONA ROJA FORMAJUNTAS AUTONIVEL;4;;0;0;40;7,57;7,57;12,508;10,6;0;0
05.CAJONPLASTICO;CAJON TERMOPLASTICO DE 1000 M.M.;5;;0;0;0;0;0;165,2;140;0;0
05.CAJONTERMOPLAST;CAJON TERMOPLAST.130 X 45 X 60 COMPLETO CON DEPOSITO DE AGUA NEGRO;5;;0;0;0;198,5;198,5;281,076;238,2;0;0
05.CH.40;CAJON DE HERRAMIENTAS CHAPA 400 X 350 X 370;5;;0;0;0;31,85;31,85;49,56;42;0;0
05.CH.50;CAJON DE HERRAMIENTAS CHAPA 500 X 500 X 500;5;;0;0;0;41,63;41,63;68,44;58;0;0
05.CH.60;CAJON DE HERRAMIENTAS CHAPA 600 X 400 X 450;5;;0;0;0;41,63;41,63;70,8;60;0;0
05.CH.70;CAJON DE HERRAMIENTAS CHAPA 700 X 500 X 500;5;;0;0;0;50,95;50,95;79,06;67;0;0
05.CH.100;CAJON DE HERRAMIENTAS CHAPA 1000 X 500 X 500;5;;0;0;0;55,56;55,56;84,96;72;0;0
05.CH.120;CAJON DE HERRAMIENTAS CHAPA 1200 X 500 X 500;5;;0;0;0;61,15;61,15;94,4;80;0;0
05C.ISOT.P;CAJON ISOTERMO POLIESTER 80 X 50 X 50;5;;0;0;35;132,22;132,22;210,63;178,5;0;0
05C.ISOT.P1;CAJON ISOTERMO POLIESTER 75 X 45 X 51;;;0;0;0;132,22;132,22;210,63;178,5;0;1
05CC0051;CAJON HERRAMINETAS CHAPA 50 X 35 X 37;5;;0;0;30;23,87;23,87;44,8046;37,97;20;5
05CC0052;CAJON HERRAMIENTAS CHAPA 40*60*45.5;;;0;0;30;40;40;61,36;52;20;5
05CC0053;CAJON HERRAMIENTAS CHAPA 36*165*36;5;;0;0;30;40;40;61,36;52;0;0
05CCN050;CAJA HERRAMIENTAS METALICA NEGRA ESPECIAL DE 500 M.M. LARGO;5;;0;0;0;45,4;45,4;76,7;65;0;0
05CCN060;CAJA DE HERRAMIENTAS METALICA NEGRA ESPECIAL DE 600 M.M.;5;;0;0;0;53,4;0;88,5;75;0;0
05CCN080;CAJA DE HERRAMIENTAS METALICA NEGRA ESPECIAL DE 800 M.M.;5;;0;0;0;67,4;0;106,2;90;0;0
05CCN100;CAJA HERRAMIENTAS METALICA NEGRA ESPECIAL DE 1.000 M.M.;5;;0;0;0;75,4;73;141,6;120;0;0
05CE0001;CAJON CHAPA EXTINTOR 66*50*26 (DOBLE);5;;0;0;30;39,07;0;82,6;70;10;1
05CE0002;CAJON CHAPA EXTINTOR 31*65*26;5;;0;0;0;39,67;39,67;77,3018;65,51;0;0
05CE0003;CAJON CHAPA EXTINTOR 66*36*26;;;0;0;30;40;40;61,36;52;0;0
05CH.50;CAJON DE HERRAMIENTAS CHAPA 500 X 350 X 370;5;;0;0;0;33,59;33,59;61,36;52;0;0
05CH.80;CAJON DE HERRAMIENTAS CHAPA 800 X 500 X 500;5;;0;0;0;53,68;53,68;84,96;72;0;0
05CHTER.40;CAJON HERRAMIENTAS TERMOPLASTICO DE 40 X 35 X 35;5;;0;0;0;38,25;0;55,1;47,5;0;0
05CP0001;CAJON TERMOPLAS. EXTINTOR NEGRO;5;;0;0;0;27,05;27,05;77,88;66;0;0
05CP0002;CAJA EXTINTOR TERMOPLASTICA DOBLE;5;;0;0;0;50,49;50,49;106,2;90;30;4
05CP0004;CAJA EXTINTOR PLASTICO ROJA Y NEGRA (PARA UN EXTINTOR);5;;0;0;30;50;0;94,4;80;60;10
05CP4035;CAJON HERR. TERMOPLASTICO SIERRA ELVIRA 30*50*45;5;;0;0;30;27,05;27,05;51,9436;44,02;0;0
05CP5030;CAJON HERR. TERMOPLASTICO NEGRO 46*60*46;5;;0;0;30;5000;30,05;61,4426;52,07;0;0
05CP5031;CAJON HERR. TERMOPLASTICO NEGRO 46*80*50;;;0;0;30;50;50;82,6;70;0;0
05CP6050;CAJON HERRAMIENTAS TERMOPLASTICO NEGRO 600 x 500 x 400;5;;0;0;40;41,86;0;99,2852;84,14;0;0
06.DEP.AGUACUADRAD;DEPOSITO DE AGUA DE 30 LITROS CUADRADO;6;;0;0;0;22,75;22,75;53,1;45;0;0
06.DEPOSITOAGUA 50;DEPOSITO DE AGUA DE 50 LITROS REDONDO;6;;0;0;0;0;0;47,2;40;0;0
06AC0002;TAPON DEPOSITO DE AGUA;6;;0;0;30;1,85;1,85;2,832;2,4;0;0
06AC0003;SOPORTE BIDON DE AGUA;6;;0;0;0;0;0;0;0;0;0
06AC0004;TAPON DEPOSITO DE AGUA CON GRIFO;6;;0;0;0;0;2,1;6,254;5,3;0;0
06AC0005;JABONERA CON DOSIFICADOR PARA DEPOSITO AGUA;6;;0;0;0;3,1;3,1;8,26;7;0;0
06DA0B30;DEPOSITO DE AGUA 30 LITROS CON JABONERA;6;;0;0;99;14,42;14,42;43,66;37;0;0
06DA0130;DEPOSITO DE AGUA 30 LITROS NEGRO;6;;0;0;0;15,03;15,03;35,459;30,05;0;0
06DAES25;DEPOSITO DE AGUA DE 25 LITROS NEGRO ESTRECHO;6;;0;0;0;22,75;22,75;40,6;35;0;0
06DEPT.AGUAINOX.;DEPOSITO DE AGUA 25 L.ACEROINOXIDABLE;6;;0;0;0;68,85;68,85;100,3;85;0;0
06GRIF.D.AG.;GRIFO DEPOSITO DE AGUA;6;;0;0;0;0;0;4,2598;3,61;0;0
06SOP.MET.B.AGUA;SOPORTE METALICO PARA BIDON DE AGUA;6;;0;0;0;1,42;1,42;7,0918;6,01;0;0
07SOP.RTO.10AGUJ;SOPORTE RUEDA REPUESTO 10 AGUJEROS;7;;0;0;0;72;46,45;106,2;90;0;0
07SOP.RTO.15-22,5;SOPORTE RUEDA MOD.DISCO 15-22 MANIV.INCORP.ESP.LARGO;7;;0;0;50;66,71;66,71;118;100;0;0
07SR00A1;SOPORTE DE RUEDA STANDAR CON MANIVELA INCORPORADA;7;;0;0;0;69,12;69,12;127,6524;108,18;0;0
07SR0001;SOPORTE RUEDA REPUESTO 6 AGUJEROS;7;;0;0;50;31,95;0;76,7;65;0;0
07SR8AGUJ.;SOPORTE RUEDA REPUESTO 8 AGUJEROS;7;;0;0;0;58,4;0;86,14;73;0;0
07SR0011;ELEVADOR DE RUEDA ESTANDARD;7;;0;0;50;20;20;47,2;40;0;0
07SR0012;MANIVELA ELEVADOR STANDARD EXAG.18MM;7;;0;0;0;0;0;0;0;0;0
08TI0001;SOPORTE DE ARQUILLOS GOMA;8;;0;0;0;1,8;1,8;0;0;0;0
09.ANILLA;ANILLA GIRATORIA PARA TOLDO;9;;0;0;0;0;0;1,475;1,25;0;0
09.ANILLAABAT.;ANILLA ABATIBLE CON SOPORTE;9;;0;0;0;0,2;0,2;0,649;0,55;0;0
09.GANCHO.K-4PILAR;GANCHO DE ACERO CINCADO PARA PILAR KINNEGRIP K-4;9;;0;0;0;5,3;0;10,6908;9,06;0;0
09.GANCHOAC.PILARK;GANCHO DE ACERO CINCADO PARA PILAR KINNEGRIP K-20;9;;0;0;0;5,09;5,09;10,3604;8,78;0;0
09AA0001;ANILLA ABATIBLE;9;;0;0;35;0,16;0,16;0,354;0,3;0;0
09GC0001;GANCHO DE CORAZON CINCADO;9;;0;0;0;0,18;0,18;0,826;0,7;0;0
09PR0001;PRECINTO DE R 38 MM;9;;0;0;0;0,16;0,16;0;0;0;0
10 CL 1215;CIERRE ALUMINIO 1215 3 ?AS;10;;0;0;0;30;30;76,7;65;10;2
10.MUELLE.CIERRE L;MUELLE PARA CIERRE LATERAL ALUMINIO;10;;0;0;0;0;0;4,72;4;0;0
10.PEST.CIERREALU.;PESTILLO CIERRE LATERAL DE ALUMINIO;10;;0;0;0;0;0;2,36;2;0;0
10CA0060;CIERRE DE ACERO 600M;10;;0;0;30;10,52;10,52;16,1306;13,67;0;0
10CA0070;CIERRE DE ACERO 700 M.M.;10;;0;0;30;10,82;10,82;16,5908;14,06;0;0
10CA0080;CIERRE DE ACERO 800 Mm;10;;0;0;30;12,05;12,05;18,4788;15,66;0;0
10CA0100;CIERRE DE ACERO DE 1000MM;10;;0;0;0;11,72;11,72;21,9834;18,63;0;0
10CAL.1250;CIERRE ALUMINIO BORDE GALLEGO (3COGIDAS)1250 M.M.LARGO;10;;0;0;0;31,02;31,02;74,34;63;0;0
10CAL515;CIERRE ALUMINIO DE 515 M.M.;10;;0;0;50;15,03;15,03;34,102;28,9;0;0
10CAL1115;CIERRE ALUMINIO DE 1015 M.M.;10;;0;0;50;23,02;23,02;57,23;48,5;0;0
10CIERRE LAT.H.;CIERRE LATERAL DE HIERRO DE 1.000 M.M.;10;;0;0;0;13,85;0;30,68;26;0;0
10CL1115;CIERRE LATERAL ALUMINIO DE 1115MM CON DOS U?AS;10;;0;0;30;18,33;18,33;66,316;56,2;0;0
10CL1615;CIERRE ALUMINIO DE 615MM CON UNA U?A;10;;0;0;0;16,53;16,53;36,344;30,8;0;0
10CL1815;CIERRE ALUMINIO DE 815MM CON UNA U?A;10;;0;0;0;18,45;18,45;37,76;32;0;0
11.330CSKL.KITS;RODAMIENTO SENCILLA DE NYLON LARGA PARA LONA LATERAL (TRICARRIL);11;;0;0;0;2,48;0;4,956;4,2;0;0
11.CARRUCHA,4;RODAMIENTO DOBLE TECHO CORREDERO BA?ERA;11;;0;0;0;3,73;3,92;12,98;11;0;0
11.HOMBRERA ALUMIN;HOMBRERA ARQUILLAJE DE ALUMINIO COMPLETA CON 3 RUEDAS;11;;0;0;0;0;0;38,3972;32,54;0;0
11.MANET.ARQU.ROD.;MANETA DE ARQUILLADA CON RODAMIENTO;11;;0;0;0;6,24;0;13,57;11,5;0;0
11.PERTIGA.;BARRA O PERTIGA PARA DESPLAZAR TOLDO CORREDERO;11;;0;0;0;13;0;30,68;26;0;0
11.PLASTICO/P.ARQU;PLASTICO COMPLETO DE MUELLE PARA ARQUILLADA;11;;0;0;0;5,23;0;9,263;7,85;0;0
11.TUBOALUM-ARQUIL;TUBO DE ALUMINIO PARA ARQUILLO CORREDERO (UNIDAD);11;;0;0;0;11,56;11,56;23,482;19,9;0;0
11.VARIL.ARQUILL;VARILLA DE ARQUILLADA (UNIDAD);11;;0;0;0;7,02;0;15,34;13;0;0
11AR.MUELLE;TIJERA PARA ARQUILLADA DE MUELLES;11;;0;0;0;3,61;3,61;5,664;4,8;0;0
11AR0600;TIJERA DE PLASTICO PARA ARQUILLADA DE 600MM;11;;0;0;30;8,35;8,35;12,8148;10,86;0;0
11AR0800;TIJERA DE PLASTICO PARA ARQUILLADA DE 800MM;11;;0;0;30;8,56;8,56;13,1452;11,14;0;0
11ARQGAL13,5;ARQUILLADA CORREDERA GALVAN. 13,5 M.;11;;0;0;30;811,37;811,37;1244,6404;1054,78;0;0
11ARVERPABOT;ARQUILLO VERTICAL CON RUEDAS PARA BOTELLERO;11;;0;0;0;13,83;13,83;33,04;28;0;0
11C.R.GUIA;CARRO RECTO PARA GUIA GALVANIZADA DE 50 M.M.;11;;0;0;0;9,56;9,56;21,2754;18,03;0;0
11CA0001;RODAMIENTO DOBLE DE NYLON PARA LONA SEMI-REMOLQUE;11;;0;0;0;3,19;1,95;7,375;6,25;0;0
11CA0002;RODAMIENTO DE DOS RUEDAS DE FIBRA;11;;0;0;30;2,25;2,25;5,605;4,75;0;0
11CA0003;RODAMIENTO DOBLE PARA BOTELLERO;11;;0;0;0;2,1;2,1;7,54;6,5;0;0
11CI0001;CIERRE EMPOTRABLE CON LLAVE PARA BOTELLERO NORMAL|;11;;0;0;30;29,84;17,85;47,2;40;0;0
11CONART.TJPOL.NEG;CONJUNTO ARTICULACION DE TIJERA CON TORNILLO EN POLIETILENO NEGRO;11;;0;0;50;2,3;1,41;5,428;4,6;0;0
11CP0001;CARRO DE PILAR PARA TRICARRIL;11;;0;0;30;13,22;13,22;20,2842;17,19;0;0
11ES0001;ESCUADRAS DE SUJECCION TRICARRIL;11;;0;0;35;5,05;5,05;8,0476;6,82;0;0
11GO0001;GOMA SOLAPA PARA PERFIL;11;;0;0;30;2,52;2,52;3,9058;3,31;0;0
11GO0002;GOMA GRIS PARA LONA LATERAL TRICARRIL;11;;0;0;43;3,16;3,16;5,31;4,5;0;0
11GUIGAL.ARQ;GUIA GALVANIZADA 40 X 50 X 6.750 PARA ARQUILLADA;11;;0;0;40;21,79;21,79;43,0818;36,51;0;0
11PASV01;PERFIL ALUMINIO SUJETALONAS VERTICAL (METRO);11;;0;0;75;4,69;4,69;10,6436;9,02;0;0
11PE0003;GUIA TRICARRIL DE ALUMINIO;11;;0;0;35;34,26;34,26;54,575;46,25;0;0
11PE0100;PERFIL DE ALUMINIO DE 100;11;;0;0;0;0;0;0;0;0;0
11PE3535;GUIA CARRIL GALVANIZADA 35 X 35 PARA BOTELLERO;11;;0;0;30;10,82;10,82;19,8594;16,83;0;0
11PNEGARQ.POMM;PIEZA NEGRA PARA ARQUILLAJE TIPO POMMIER;11;;0;0;0;1,41;1,41;3,3276;2,82;0;0
11TM0001;TENSOR LONA LATERAL DE SINFIN CON CASQUILLO;11;;0;0;0;27,05;27,05;50,74;43;0;0
11TM0002;TENSOR DE LONA LATERAL CON PALANCA TELESCOPICA;11;;0;0;0;31,25;31,25;58,764;49,8;0;0
11US0001;""" U "" DE SUJECCION TRICARRIL";11;;0;0;35;5,05;5,05;8,0476;6,82;0;0
12UA0001;"""U"" CON ALA ABULTADA";12;;0;0;50;3,7;3,7;6,5608;5,56;0;0
12UA60;"""U"" DE ACERO 60";12;;0;0;20;0,43;0,43;0,6018;0,51;0;0
12UA120;"""U"" ACERO DE120";12;;0;0;20;0,69;0,69;0,9794;0,83;0;0
12US0001;"""U"" SENCILLA";12;;0;0;50;3,7;3,7;4,366;3,7;0;0
13CA0001;CAJETIN ABIERTO PARA TABLA DE BARANDA;13;;0;0;35;0,45;0,45;1,062;0,9;0;0
13CC0001;CAJETIN CERRADO PARA TABLA DE BARANDA;13;;0;0;30;0,72;0,72;1,1092;0,94;0;0
13T.ALU.INF.;TABLA DE ALUMINIO INFERIOR;13;;0;0;0;0;0;30,09;25,5;0;0
13TA0200;TABLA ALUMINIO DE ALA PARA REMONTA;13;;0;0;0;0;0;0;0;0;0
13TAB0001;TABLA PARA BARANDA DE 120 X 25 M.M.;13;;0;0;40;5,56;5,26;9,204;7,8;0;0
13TB0190;TABLA ALUMINIO DE BISAGRAS CON GOMA (METRO);13;;0;0;30;11,32;11,32;30,09;25,5;0;0
13TC0100;TABLA ALUMINIO CENTRAL DE 100MM (METRO);13;;0;0;0;9,02;9,02;17,877;15,15;0;0
13TC0200;TABLA ALUMINIO CENTRAL DE 200MM (METRO);13;;0;0;30;12,67;13,41;27,73;23,5;0;0
13TP0001;TAPE DE PLASTICO PARA TABLA DE ALUMINIO;13;;0;0;0;0,3;0,3;0,944;0,8;0;0
13TPLAST.K-20;TAPE DE PLASTICO PARA PILAR K-20;13;;0;0;0;3,11;3,11;4,9324;4,18;0;0
13TR0150;TABLA ALUMINIO DE REBAJE PARA PRECINTOS DE 150MM;13;;0;0;30;12;12;21,594;18,3;0;0
13TR0200;TABLA ALUMINIO DE REBAJE PARA PRECINTOS DE 200MM;13;;0;0;30;12,2;12,2;25,96;22;0;0
13TREM.ALUM120;TABLA DE REMONTA ALUMINIO DE 120 M.M. (METRO);13;;0;0;0;7,8;0;16,52;14;0;0
13TS0200;TABLA SEPARACION DE CARGA SIN MORDAZA DE 2.500;13;;0;0;0;12,9;12,9;31,919;27,05;0;0
13TT0100;TABLA ALUMINIO TERMINACION DE 100MM;13;;0;0;30;9,02;9,02;14,8916;12,62;0;0
13TT0200;TABLA ALUMINIO TERMINACION DE 200MM;13;;0;0;0;11,57;13;27,73;23,5;0;0
13TT0215;TABLA ALUMINIO TERMINACION DE 215MM;13;;0;0;30;10,24;10,24;30,09;25,5;0;0
14.TOPEGOMAPARAGOL;TOPE GOMA TRIANGULAR PARAGOLPES DE 800 M.M. DE ALTURA;14;;0;0;0;55;30,8;112,1;95;0;0
14.TOPEGOMATRASERO;TOPE DE GOMA TRASERO DE 2600 X 120 X 120;14;;0;0;0;0;0;158,12;134;0;0
14.TOPEGOMATRIANGU;TOPE GOMA TRIANGULAR PARAGOLPES DE 120 M.M. ALTURA;14;;0;0;0;54,69;54,69;145,14;123;0;0
14GP000A;TOPE APOYO BASCULANTE DE 30MMGRANDE;14;;0;0;30;7,21;7,21;8,5078;7,21;0;0
14GP000B;TOPE DE GOMA PLANO CON CHAPA PEQUE?A;14;;0;0;30;4,81;4,81;5,6758;4,81;0;0
14GP0003;TOPE DE GOMA TIPO FRANCES 245MM LARGO;14;;0;0;0;0;0;17,7;15;100;10
14GP0005;TOPE DE GOMA TIPO FRANCES 358MM LARGO;14;;0;0;30;0;0;25,37;21,5;0;0
14GP0006;TOPE DE GOMA TIPO FRANCES 195MM LARGO;14;;0;0;30;5,64;5,64;14,16;12;50;10
14TC00R.4;TOPE DE GOMA REDONDO GIRATORIO CON SOPORTE METALICO;14;;0;0;0;0;0;55,106;46,7;0;0
14TC00R1;TOPE DE GOMA TRASERO DE RODILLO14;14;;0;0;30;5,41;5,41;7,6582;6,49;50;10
14TC00R2;TOPE DE GOMA REDONDO GIRATORIO CON SOPORTE METALICO;14;;0;0;0;27,2;27,2;42,126;35,7;0;0
14TG0001;TOPE DE GOMA PARA PUERTA;14;;0;0;35;3,18;3,18;5,074;4,3;0;0
14TOPEGOMATRIANGUL;TOPE GOMA TRIANGULAR PARAGOLPES DE 90 M.M. ALTURA;14;;0;0;0;0;0;118;100;0;0
15. GOMA AJUSTE BL;GOMA PERFIL FURGON COLOR BLANCO (PARA AJUSTE PUERTAS);15;;0;0;0;6,66;6,66;12,744;10,8;0;0
15.GOMA AJUSTE;GOMA PERFIL FURGON COLOR NEGRO ( PARA AJUSTE PUERTAS);15;;0;0;0;5,49;5,49;11,21;9,5;0;0
15.GOMA TRIANGULAR;GOMA TRIANGULAR BARRA 2.500 M.M. DE 80;15;;0;0;0;33,54;33,54;53,1;45;0;0
15.J.VIERTEAG.;JUNQUILLO VIERTEAGUAS (BARRA DE 6 M.);15;;0;0;0;0;0;32,568;27,6;0;0
15G01002;GOMA GRIS PERFIL PVC DE 85 M.M. (BARRA DE 5 METROS);15;;0;0;0;0;0;103,014;87,3;0;0
15GART40;GOMAS ARQUILLO TIPO TIR (TUBO DE 40);15;;0;0;0;0,45;0,45;1,77;1,5;0;0
15GO0001;GOMA DURA PROTECTOR PARA BANDA LA BARRA VIENE A 3,20 M.;15;;0;0;0;13,18;11,12;21,7828;18,46;0;0
15GO0002;GOMA PARA BORDE DE PUERTA;15;;0;0;0;0;0;0;0;0;0
15GO0004;GOMA PARA PERFIL PROTECTOR INTERIOR DE FURGON;15;;0;0;50;2,21;2,21;3,9176;3,32;0;0
15GO0010;GOMA PERFIL PVC 30 M.M. BARRA 5 M.;15;;0;0;40;18,93;18,93;63,484;53,8;0;0
15GO0011;GOMA PERFIL PVC 25 M.M. BARRA 5 M.;15;;0;0;40;13,25;13,25;66,08;56;0;0
15GO0012;GOMA PERFIL PVC 20 M.M. BARRA 5 M.;15;;0;0;40;16,23;16,23;55,46;47;0;0
15GO10001;GOMA GRIS CON BORDE NEGRO PERFIL PVC 65 M.M.Y 70 M.M.;15;;0;0;30;55;8,11;97,35;82,5;0;0
15GOAL40;GOMA DE 51.M.M. CON ALHAMBRE (METRO);15;;0;0;30;15,12;15,12;23,187;19,65;0;0
15GOMA.FURGON70;GOMA BLANCA BORDE PUERTA ISOT.70 (PRECIO BARRA 4 M.);15;;0;0;35;24,5;24,5;39,0226;33,07;0;0
15GOMA.PERFIL;GOMA PARA PERFIL DE ALUMINIO EMBELLECEDOR LATERAL(`PRECIO METRO);15;;0;0;50;0;2,73;4,8262;4,09;0;0
15PERFIL.PVC.;PERFIL EMBELLECEDOR PVC. DE 5.000 X 40 M.M.(BARRA);15;;0;0;25;16,19;0;23,8714;20,23;0;0
16DI0001;DISCO CORTE PARA RADIAL;16;;0;0;30;1,77;1,77;2,7258;2,31;0;0
16DI0002;DISCO REPASAR PARA RADIAL;16;;0;0;30;1,77;1,77;2,124;1,8;0;0
17.FALDETA EXTRALA;FALDETA EXTRALARGA DE 550 M.M. ANCHO X 760 M.M.;17;;0;0;0;12,8;12,8;23,246;19,7;0;0
17.FALDETAEXTRAL;FALDETA EXTRALARGA DE 450 M.M. ANCHO X 750 M.M.;17;;0;0;0;11,93;11,93;21,6648;18,36;0;0
17.KIT PLACAS;PLACAS VEHICULO LARGO (ES UN KIT CON DOS PLACAS);17;;0;0;0;14,44;14,44;29,5;25;0;0
17FA0000;FALDETA PARA COLGAR LOS PILOTOS;17;;0;0;0;0;0;0;0;0;0
17FA0025;FALDETA DE 95*35;17;;0;0;0;3,01;3,01;10,856;9,2;0;0
17FA0040;FALDETA DE 55*41;17;;0;0;0;3,91;3,91;14,75;12,5;0;0
17FA0045;FALDETA DE 117 * 32;17;;0;0;0;3,91;3,91;10,502;8,9;0;0
17FA0054;FALDETA DE 54 * 45.5;17;;0;0;30;5;5;10,62;9;0;0
17FA0055;FALDETA DE 44.5*33.5;17;;0;0;30;5,39;5,39;8,732;7,4;150;6
17FA0056;FALDETA DE 56 * 42;17;;0;0;30;5;5;15,34;13;0;0
17FA0060;FALDETA DE 62 * 42;17;;0;0;0;6,29;6,29;16,52;14;150;10
17FA0090;FALDON COMPLETO DE 2.000 M.M.;17;;0;0;30;3900;23,44;35,459;30,05;0;0
17FA0118;FALDETA DE 118*32;;;0;0;30;5;5;10,502;8,9;0;0
17FA0118*41;FALDETA 118 * 41;17;;0;0;30;6;6;11,21;9,5;0;0
17FA0120;FALDON COMPLETO DE 2.400 M.M.;17;;0;0;30;12;25,07;59;50;0;0
17FALD.EXTRALARGA;FALDETA EXTRALARGA DE 600 M.M. ANCHO X 700 M.M.;17;;0;0;0;15,93;15,93;28,91;24,5;0;0
17FALD.EXTRALG.950;FALDETA EXTRALARGA DE 600 M.M. ANCHO X 950 LARGO;17;;0;0;0;0;0;30,68;26;0;0
17FALDETA EXTRALAR;FALDETA EXTRALARGA DE 500 M.M. ANCHO X 850 M.M.;17;;0;0;0;13,65;13,65;24,78;21;0;0
18.BANDALAT.ALUM;FALDON LATERAL ANTI-SPRAY CON JUNQUILLO ALUMINIO(BARRA LATERAL ANTI-SPRAY;18;;0;0;0;31,2;31,2;59;50;0;0
18.BR.CNC.REG.SOPO;BRIDA CINCADA REGULABLE PARA SOPORTE;18;;0;0;0;2,85;2,65;7,316;6,2;0;0
18.GUARD.880 X 280;GUARDABARROS DE PLASTICO BASE PLANA DE 880 X 280;18;;0;0;0;14,1;14,1;34,22;29;0;0
18.GUARD.880 X 450;GUARDABARROS DE PLASTICO DE 880 X 450;18;;0;0;0;12,25;12,25;29,5;25;0;0
18.GUARD.1000X500;GUARDABARROS DE PLASTICO DE 1000 X 500;18;;0;0;0;16,48;16,48;38,94;33;0;0
18.GUARD.1080 X550;GUARDABARROS DE PLASTICO BASE PLANA 1080 X 550 NEGRO;18;;0;0;0;18;18;63,72;54;0;0
18.GUARD.1340X650;GUARDABARROS PLASTICO DE 1.340 X 650;18;;0;0;0;24,75;0;56,64;48;0;0
18.GUARD.PLAST.;GUARDABARROS DE PLASTICO DE 1150 X 600;18;;0;0;0;22,9;22,9;54,044;45,8;0;0
18.GUARD.REDONDO;GUARDABARROS PLASTICO REDONDO DE 1280 X 815 X 270;18;;0;0;0;23,5;23,5;47,2;40;0;0
18.GUARDA.1000X510;GUARDABARROS DE PLASTICO DE BASE PLANA DE 1000 X 510;18;;0;0;0;24,65;24,65;59;50;0;0
18.GUARDAB.PLANO;GUARDABARROS DE PLASTICO BASE PLANA DE 1340 X 650 M.M.;18;;0;0;0;0;0;54,28;46;0;0
18.TUB.SOP.GUARDAB;TUBO SOPORTE GUARDABARROS DE 870 M.M. DE LARGO;18;;0;0;0;8,95;8,95;17,7;15;0;0
18ALDUNLOP;ALETA DUNLOP;18;;0;0;0;25,31;25,31;42,6688;36,16;0;0
18AT0450;ALETA TERMOPLASTICA 450 X 860;18;;0;0;40;14,42;14,42;23,8242;20,19;0;0
18AT0550;ALETA TERMOPLASTICA 550 X 950;18;;0;0;40;19,38;19,38;32,0252;27,14;0;0
18AT1300;ALETA TERMOPLASTICA 1300 X 440;18;;0;0;0;17,66;17,66;38,114;32,3;0;0
18AT1450;ALETA TERMOPLASTICA 450 X 930;18;;0;0;40;16,23;16,23;29,7832;25,24;0;0
18ATGPLAS;ALETA GUARDABARROS VEHICULO 3.500 KG.;18;;0;0;0;0;0;14,16;12;0;0
18BRSOP.ALETA;BRIDA SOPORTE;18;;0;0;0;8,02;8,02;13,5464;11,48;0;0
18GUARD.910 X 450;GUARDABARROS DE PLASTICO NEGRO BASE PLANA DE 910 X 450;18;;0;0;0;15,46;15,46;43,66;37;0;0
18GUARD.PLAS;GUARDABARROS DE PLASTICO DE 1400 X 450;18;;0;0;0;0;0;54,28;46;0;0
18SOP.GUARD.PLAST.;SOPORTE PARA GUARDABARROS DE PLASTICO;18;;0;0;0;4;0;9,44;8;0;0
020CILINDUMP;CILINDRO HIDRAULICO PARA PUERTA DE DUMPER;20;;0;0;0;132,19;132,19;171,1;145;0;0
20CO0070;CORREDERA DE 70 M.M. PARA PILAR DE 80 M.M.;20;;0;0;0;9,02;9,02;17,7354;15,03;0;0
20CO0100;CORREDERA DE 90 M.M. PARA PILAR DE 100 M.M.;20;;0;0;0;7,21;7,21;19,5054;16,53;0;0
20CO0110;CORREDERA DE 110 M.M. PARA PILAR DE 120 M.M.;20;;0;0;0;7,81;7,81;21,2754;18,03;0;0
20PE0001;PALANCA PARA ELEVACION DE CORREDERAS;20;;0;0;40;6,01;6,01;11,3516;9,62;0;0
21ES0001;ESCALERA PARA TRASERA DE FURGON O CABINA;21;;0;0;0;0;0;0;0;0;0
21ES0080;ESCALERA CINCADA DE 80CM (TRES PELDA?OS);21;;0;0;40;45,2;29,09;74,6704;63,28;0;0
21ES0100;ESCALERA CINCADA DE 100CM ( 4 PELDA?OS);21;;0;0;40;48,95;31,4;80,8654;68,53;0;0
21ET0001;ESTRIBO O PELDA?O;21;;0;0;0;8,5;0;18,88;16;0;0
22.CINTA REFLECT.D;CINTA REFLECTANTE DISCONTINUA (CUALQUIER COLOR) PRECIO METRO;22;;0;0;0;1,56;1,56;4,13;3,5;0;0
22.CINTA REFLECTAN;CINTA REFLECTANTE CONTINUA (CUALQUIER COLOR) PRECIO METRO;22;;0;0;0;1,56;1,56;3,54;3;0;0
22CA0002;CINTA AMARRE ENTRE PILARES;22;;0;0;30;6,01;6,01;22,6914;19,23;0;0
22CA0003;CINTA AMARRE FURGON DE 3 M.;22;;0;0;0;9,92;9,92;24,8272;21,04;0;0
22CA0004;CINTA AMARRE FURGON DE 5 M. AZULES;22;;0;0;0;6,31;6,31;28,3672;24,04;0;0
22MT0001;MORDAZA PARA TABLA DE SEPARACION DE CARGA;22;;0;0;40;23,44;23,44;42,5508;36,06;0;0
23RA0003;RAIL AGUJEROS GRANDES;23;;0;0;0;0;0;0;0;0;0
23RU0001;RAIL UNIVERSAL DE ACERO GALVANIZADO;23;;0;0;30;6,61;6,61;10,6436;9,02;0;0
24CG.CG-3;CIERRE GANADERO ANILLA CG-3;24;;0;0;0;2,16;0;5,7466;4,87;0;0
24CG0CG1;CIERRE GANADERO DE AGUJERO DE 10MM;24;;0;0;50;1,89;1,89;3,3394;2,83;0;0
24CG0CG2;CIERRE GANADERO ABIERTO AGUJERO DE 15MM;24;;0;0;50;2,33;2,33;4,0474;3,43;0;0
24CG0001;CIERRE GANADERO ZINCADO CON MUELLE EXTERIOR;24;;0;0;0;1,26;1,26;7,198;6,1;0;0
26.KITANTICICLISTA;KIT ANTI-CICLISTA CON MONTAJE Y CERTIFICADO;26;;0;0;0;0;0;531;450;0;0
26.PERFILALUM,KINE;PERFIL DE ALUMINIO PARA PILAR KINEGRIP;26;;0;0;0;0;0;12,862;10,9;0;0
26.PERFILANTIEMP.;PERFIL ANTIEMPOTRAM.HORIZONTAL( ANTI-CICLISTA PRECIO POR METRO;26;;0;0;0;6,74;6,92;16,52;14;0;0
26PEESP.ADH;PERFIL ESPONJOSO ADHESIVO 20 X 10 (METRO);26;;0;0;30;1,18;1,18;1,8172;1,54;0;0
26PER.ESP.40;PERFIL ESPONJOSO ADHESIVO 40 X 10;26;;0;0;50;1,92;1,92;3,3984;2,88;0;0
26PL0001;PLETINA DE ALUMINIO PARA FALDETAS;26;;0;0;0;1,08;1,08;0;0;0;0
26PLET.ALUM.25X3;PLETINA ALUMINIO 6000 X 25 X 3 M.M.(0,3KG.M.LINEAL) PRECIO KG.;26;;0;0;50;3,83;3,83;6,785;5,75;0;0
26PR0001;PERFIL DE ALUMINIO PASO RUEDA PARA GUARDABARROSPEQUE?O;26;;0;0;0;1,35;1,35;5,31;4,5;0;0
26PR0002;PERFIL DE ALUMINIO PASO RUEDA PARA GUARDABARROS GRANDE;26;;0;0;0;1,5;1,5;6,844;5,8;0;0
26RE0001;REDONDO DE ALUMINIO;26;;0;0;0;0;0;0;0;0;0
26TE0001;TERMINAL PARA YUGO;26;;0;0;0;1,59;1,59;7,67;6,5;0;0
26TL0001;PERFIL ALUMINIO PARA TENSADO DE LONA LATERAL 1M;26;;0;0;30;10,4;10,4;21,24;18;0;0
26TL0002;PERFIL ALUMINIO GANCHO TRASERO Y DELANTERO PARA LONA.;26;;0;0;0;0;0;55,68;48;0;0
26YU0050;YUGO DE 50MM PARA GOMA;26;;0;0;0;2,31;2,31;41,3;35;0;0
27ASA ACERO INOX.;ASA EN ACERO INOXIDABLE PARA FURGON;27;;0;0;0;0;0;10,6436;9,02;0;0
27SP0001;"RETENEDOR TIPO ""T""";27;;0;0;0;3,01;3,01;8,85;7,5;0;0
27SP0002;RETENEDOR PEQUE?O;27;;0;0;40;0;0;12,7676;10,82;0;0
27SP0004;RETENEDOR GRANDE;27;;0;0;40;9,02;6,43;14,8916;12,62;0;0
27SP0005;RETENEDOR GRANDE CON ENGRASADOR;27;;0;0;40;9,02;9,02;21,712;18,4;50;10
27SP0006;SUJETAPUERTAS PARA FURGON EXTREMO REDONDO;27;;0;0;30;4,6;4,6;7,0918;6,01;100;20
28ELECT001;ELECTRODOS;28;;0;0;30;2;0;3,068;2,6;0;0
28MOPSOL;MORDAZA POLIGRIP SOLDADOR;28;;0;0;0;19,56;19,56;23,0808;19,56;0;0
28MS0001;HILO PARA SOLDAR 1MM;28;;0;0;30;12,62;12,62;1,2862;1,09;0;0
28MS0002;HILO DE SOLDAR ALUMINIO;28;;0;0;0;0;0;0;0;0;0
28MS0003;HILO SOLDAR ACERO;28;;0;0;0;0;0;0;0;0;0
28MS0004;REGULADORES DE GAS PARA MAQUINAS DE SOLDAR;28;;0;0;0;0;0;0;0;0;0
28MS0005;HILO PARA SOLDAR 8MM;28;;0;0;30;2,58;0;3,953;3,35;0;0
28MS0006;MAZAS PARA ELECTRICA;28;;0;0;0;0;0;0;0;0;0
28MS0008;SPRAY ANTISPRATER PARA MAQUINAS SOLDAR;28;;0;0;30;3,4;3,4;5,2156;4,42;0;0
29CA00T6;CIERRE ALEMAN CINCADO PEQUE?O;29;;0;0;30;5,26;5,26;8,0594;6,83;0;0
29CM00T8;CIERRE MUELLE GRANDE T-8;29;;0;0;30;13,05;13,05;20,0246;16,97;0;0
29CM00T9;CIERRE MUELLE PEQUE?O T-9;29;;0;0;30;9,47;9,47;14,514;12,3;0;0
29CP0CP1;CIERRE PICO GRANDE;29;;0;0;50;4,43;4,43;7,8352;6,64;0;0
29MA1PCI;"MANILLA 1"" CINCADA T-4";29;;0;0;40;2,57;2,57;4,248;3,6;0;0
29MA34CI;MANILLA 3/4 CINCADA T-2;29;;0;0;40;1,73;1,73;2,8556;2,42;0;0
29MA58CI;MANILLA 5/8 CINCADA T-1;29;;0;0;40;1,3;1,3;2,1476;1,82;0;0
29MA78CI;MANILLA 7/8 CINCADA T-3;29;;0;0;40;2,57;2,57;4,248;3,6;0;0
30CB0002;U?A PARA CIERRE DE BOTELLERO;30;;0;0;0;1,86;1,86;0;0;0;0
30CP0001;CIERRE TRASERO DE PESCA PEQUE?O PARA CARTOLA DE ALUMINIO;30;;0;0;0;4,81;4,81;17,7;15;0;0
30CP0002;CIERRE TRASERO DE PESCA GRANDE PARA CARTOLA DE ALUMINIO;30;;0;0;0;4,81;4,81;21,712;18,4;0;0
30CT00C8;CIERRE TRASERO CON SEGURO ZINCADO GRANDE C-8;30;;0;0;30;7,99;7,99;12,2602;10,39;0;0
30CT00C9;CIERRE TRASERO CON SEGURO ZINCADO MEDIANO C-9;30;;0;0;35;5,72;5,72;10,03;8,5;0;0
30CTARQUILLA;CIERRE ARQUILLA (ADAICO);30;;0;0;0;0;5;15,93;13,5;0;0
30CTIP00;CIERRE TRASERO DE IMPORTACION PEQUE?O;30;;0;0;0;11,7;12,7;16,756;14,2;0;0
31.SOPORTEK.20;SOPORTE COMPLETO ANCHO PARA ATORNILLAR K-20;31;;0;0;0;3,82;3,82;8,5078;7,21;0;0
31AZ00U3;U?A FIJA ZINCADA;31;;0;0;50;1,05;1,05;1,8526;1,57;0;0
31AZ00U6;U?A ARTICULADA ZINCADA;31;;0;0;30;2,49;2,49;3,8232;3,24;0;0
31AZ00U8;U?A ARTICULADA ZINCADA;31;;0;0;30;3,29;3,29;5,0386;4,27;0;0
31AZ00U9;U?A ARTICULADA ZINCADA;31;;0;0;30;2,31;2,31;3,5518;3,01;0;0
31SK0001;SOPORTE KINNEGRIP IV PARA SOLDAR;31;;0;0;30;7,33;7,33;11,2454;9,53;0;0
31SOKINK-20ATOR;SOPORTE KINNEGRIP K-20 PARA ATORNILLAR;31;;0;0;0;10,71;10,71;18,88;16;0;0
31UP0025;U?AS DE BISAGRA MODERNA 25MM;31;;0;0;0;0,39;0,39;0;0;0;0
31UP0030;U?A PARA PERFIL DE 30MM;31;;0;0;0;0,39;0,39;0;0;0;0
32MB0GM8;MACHO DE BISAGRA SENCILLO GRANDE 20MM ALTURA;32;;0;0;30;1,41;1,41;2,1594;1,83;0;0
32MB00M5;MACHO DE BISAGRA GRANDE CON NERVIO M-5;32;;0;0;40;1,42;1,42;2,3364;1,98;0;0
32MB00M6;MACHO DE BISAGRA PEQUE?O CON NERVIO M-6;32;;0;0;40;1,01;1,01;1,888;1,6;0;0
33HB00H5;HEMBRA DE BISAGRA PARA PERFIL OMEGA GRANDE;33;;0;0;30;2,4;2,4;3,6934;3,13;0;0
33HB00H6;HEMBRA DE BISAGRA LISA;33;;0;0;40;1,69;1,69;2,7848;2,36;0;0
33HB0H10;HEMBRA DE BISAGRA PARA PERFIL OMEGA PEQUE?O H-10;33;;0;0;40;1,07;1,7;2,832;2,4;0;0
33HB0H16;HEMBRA BISAGRA PARA ALUMINIO;33;;0;0;30;3,27;3,27;5,015;4,25;0;0
33HG0HB3;HEMBRA DE GIRO BASCULANTE;33;;0;0;30;8,54;8,54;13,098;11,1;0;0
34.CERROJOP.CAJAMO;CERROJO PARA PATAS DE CAJA MOVIL;34;;0;0;40;10,07;10,07;17,7;15;0;0
34CE0CR5;CERROJO MANGO CERRADO GRANDE;34;;0;0;30;5,93;5,93;9,086;7,7;0;0
34CE0CR6;CERROJO MANGO CERRADO PEQUE?O;34;;0;0;30;4,66;4,66;7,1626;6,07;0;0
34CE0CR6AL;CERROJO MANGO CERRADO EN ALUMINIO;34;;0;0;0;12;0;17,4;15;0;0
34CE2968;CERROJO Y RESBALON DE CARRO P/ARQUILLADA;34;;0;0;35;4,06;4,06;9,2158;7,81;0;0
35.MACHO.T7;MACHO CINCADO PARA BISAGRA T7;35;;0;0;0;0;0;4,13;3,5;0;0
35BI0004;BISAGRA LATERAL PARA VOLQUETE PEQUE?A;35;;0;0;0;10,52;10,52;0;0;0;0
35BI0005;BISAGRA LATERAL PARA VOLQUETE MEDIANA;35;;0;0;0;0;0;0;0;0;0
35BI0006;BISAGRA LATERAL PARA VOLQUETE GRANDE;35;;0;0;0;11,73;11,73;0;0;0;0
35BL0AT7;HEMBRA ALUMINO TIR-7;35;;0;0;0;1,54;1,54;0;0;0;0
35BL0BT7;HEMBRA BISAGRA TIR-7;35;;0;0;40;1,54;1,54;3,54;3;0;0
35BL0MT9;MACHO DE BISAGRA TIR9;35;;0;0;0;850;5,11;0;0;0;0
35BL00T7;MACHO BISAGRA TIR-7, PARA ATORNILLAR CINCADO;35;;0;0;40;2,25;2,25;3,7288;3,16;0;0
35BL00T9;HEMBRA DE BISAGRA TIR9;35;;0;0;0;850;5,11;0;0;0;0
35BL0001;BISAGRA LATERAL DE TRAPECIO;35;;0;0;30;1,75;1,75;7,375;6,25;0;0
35BT0001;BISAGRA TIR CERRADA (CON U?A);35;;0;0;50;1,79;1,79;6,1006;5,17;0;0
36BT00B1;BISAGRA TRASERA COMPLETA CON CASQUILLO DE NYLON;36;;0;0;30;6,59;6,59;10,1126;8,57;0;0
36BT00B2;BISAGRA TRASERA COMPLETA TIPO CONTENEDOR ZINCADA;36;;0;0;30;10,42;10,42;15,9654;13,53;0;0
36BT01B1;BISAGRA TRASERA COMPLETA SIN CASQUILLO DE NYLON;36;;0;0;0;0;0;0;0;0;0
37GA00G1;GANCHO PARA SOLDAR GRANDE G-1;37;;0;0;40;1,07;1,07;1,77;1,5;0;0
37GA00G2;GANCHO PARA SOLDAR PEQUE?O G-2;37;;0;0;40;0,72;0,72;1,2036;1,02;0;0
37GA00G3;PIVOTE FORJA PARA TOLDO;37;;0;0;75;0,14;0,14;0,295;0,25;0;0
37GA00G6;GANCHO PARA CADENA GRANDE;37;;0;0;40;1,14;1,14;2,2538;1,91;0;0
37GA00G7;GANCHO PARA CADENA PEQUE?O;37;;0;0;40;1,11;0;1,8408;1,56;0;0
37GA00G9;GANCHO TENSOR G-9;37;;0;0;40;2;2;3,2804;2,78;0;0
37GA0G10;GANCHO PARA CADENA CERRADO GRANDE;37;;0;0;0;1,14;1,14;0;0;0;0
37GA0001;PIVOTE TOLDO NORMAL;37;;0;0;100;0,18;0,18;0,708;0,6;0;0
38.ANILLA ESTIBA;ANILLA COMPLETA DE ESTIBA PARA 7 TM.;38;;0;0;0;6,83;6,83;14,16;12;0;0
38AN.EMP.BANDA;ANILLA EMPOTRABLE Y SOLDABLE EN BANDA SUELO;38;;0;0;0;4,26;4,26;9,735;8,25;0;0
38ANILLA ESTIB.12;ANILLA COMPLETA DE ESTIBA PARA 12 TM.;38;;0;0;0;10,3;10,3;18,88;16;0;0
38TE0AE1;ANILLA EMPOTRABLE PARA LATERAL DE ALUMINIO;38;;0;0;35;5,29;5,29;8,437;7,15;0;0
38TE00CT;CABLE TENSOR PARA PILAR (UNIDAD);38;;0;0;30;4,98;4,98;8,5078;7,21;0;0
38TE0TG1;TENSORES GALVANIZADOS 3/8;38;;0;0;40;2,38;2,38;3,9294;3,33;0;0
38TE0TG2;TENSORES GALVANIZADOS 7/16;38;;0;0;40;3,12;3,06;5,1448;4,36;0;0
38TG0TG3;TENSORES GALVANIZADOS 1/2;38;;0;0;30;4,29;4,29;6,5844;5,58;0;0
38TG0516;TENSORES GALVANIZADOS 5/16;38;;0;0;40;1,28;1,28;2,124;1,8;0;0
39SC0SC1;SOPORTE FIJACION DE CHASIS GRANDE;39;;0;0;40;4,04;4,04;6,667;5,65;0;0
39SC0SC2;SOPORTE FIJACION DE CHASIS PEQUE?O;39;;0;0;30;1,65;1,65;4,13;3,5;0;0
39SOFCHELASTIC;SOPORTE FIJACION CHASIS FLOTANTES O ELASTICOS;39;;0;0;0;15;15;22,42;19;0;0
40.CU?A.100 X35;CU?A PARA PILAR DE 100 X 35;40;;0;0;0;0;0;23,7534;20,13;0;0
40.CU?ACHAPA.120;CU?A DE CHAPA DE 120 X 160 X 30;40;;0;0;0;14,7;0;22,5498;19,11;0;0
40.PIL.TIJ.100;PILAR DE TIJERA DE 100;40;;0;0;0;51,09;51,09;99,12;84;0;0
40.PIL.TIJ.120;PILAR DE TIJERA DE 120;40;;0;0;0;63,71;63,71;108,56;92;0;0
40.PILAR.120X95;PILAR CENTRAL DE 120 X 95;40;;0;0;0;0;0;30,68;26;0;0
40.PILAR100X85;PILAR CENTRAL DE 100 X 85;40;;0;0;0;0;0;28,32;24;0;0
40.PILAR120X35;CU?A PARA PILAR DE 120 X 35;40;;0;0;0;0;0;27,9424;23,68;0;0
40CF1130;CU?A FORJADA 120 X 30;40;;0;0;0;10,55;10,55;0;0;0;0
40CF6530;CU?A FORJADA 100 X 30;40;;0;0;35;12,57;9,36;20,0128;16,96;0;0
40CF9030;CU?A FORJADA 80 X 30;40;;0;0;35;9,17;7,69;14,5966;12,37;0;0
40CL1130;CU?A DE LLANTA 100 X 160 X 30;40;;0;0;30;12,02;12,02;24,8272;21,04;0;0
40CL6030;CU?A DE LLANTA 60 X 30;40;;0;0;0;1656;9,95;0;0;0;0
40CL9030;CU?A DE LLANTA 90 X 30;40;;0;0;0;10,55;10,55;0;0;0;0
40PC00P1;PILAR CONICO DE 60MM;40;;0;0;30;9,19;9,19;14,0892;11,94;0;0
40PC00P2;PILAR CONICO DE 50MM;40;;0;0;30;6,7;6,7;10,266;8,7;0;0
40PC00P3;PILAR CONICO DE 40MM;40;;0;0;30;4,83;4,83;7,3986;6,27;0;0
40PINK-20AC1300;PILAR KINEGRIP K-20 TRASERO EN ACERO DE 1300 M.M.;40;;0;0;0;94,78;94,78;149,6358;126,81;0;0
40PKINK-4ACD120;PILAR KINEGRIP K-4 EN ACERO DE 120 X 1000 M.M.;40;;0;0;0;95,44;95,44;150,8866;127,87;0;0
40PKINK-20D120;PILAR KINEGRIP K-20 DE ALUMINIO DE 120 X 1300 M.M.;40;;0;0;0;163,4;163,4;242,549;205,55;0;0
40PKINK-20D1300;PILAR KINEGRIP K-20 DELANTERO EN ALUMINIO DE 1300 M.M.;40;;0;0;0;112,93;112,93;204,9896;173,72;0;0
41.CARRET.45;CARRETE TENSOR REFORZADO CORTO CON TUBO DE 45 DIAMET.;41;;0;0;0;0;0;37,76;32;0;0
41CA0001;CARRETE TENSOR DE GRAN TONELAJE;41;;0;0;30;9,62;9,62;41,3;35;0;0
41CA0002;CARRETE TENSOR PEQUE?O (TUBO DE 40);41;;0;0;30;9,02;9,02;29,5;25;0;0
41CA0003;CARRETE TENSOR PEQUE?O DESMONTABLE;41;;0;0;0;0;0;29,5;25;0;0
41CA0005;CARRETE TENSOR MEDIANO (TUBO DE 60);41;;0;0;30;12,5;10,22;40,12;34;0;0
42.CABLEESP.ZEPRO;CABLE ESPIRAL ORIGINAL PARA MANDO A DISTANCIA ZEPRO;42;;0;0;0;0;0;70,446;59,7;0;0
42.CONECTOR;CONECTOR CON CABLE PARA TRANSDUCTOR DE PRESION;42;;0;0;0;11,47;11,47;18,054;15,3;0;0
42.CONECTORMICRO;CONECTOR MICRO DANFOSS;42;;0;0;0;0;0;78,8948;66,86;0;0
42.FUSIBLE 175 AMP;FUSIBLE DE 175 AMPERIOS;42;;0;0;0;3,66;3,66;8,6376;7,32;0;0
42.FUSIBLE.16;FUSIBLE DE VIDRIO DE 16 AMPERIOS;42;;0;0;0;0;0;0,295;0,25;0;0
42.FUSIBLE.50;FUSIBLE FRENO ELECTRICO 50 AMPERIOS;42;;0;0;0;0;0;1,77;1,5;0;0
42.PILOTO 7SERV.IV;PILOTO COMPLETO DE 7 SERVICIOS IVECO;42;;0;0;0;0;41,2;63,484;53,8;0;0
42.PILOTOCOMPLETO;PILOTO COMPLETO DE 6 SERVICIOS TIPO IRAZU;42;;0;0;0;37,26;37,26;68,44;58;0;0
42.PILOTOCURVOTRIC;PILOTO CURVO TRICOLOR TIPO LED;42;;0;0;0;19,5;19,5;29,913;25,35;0;0
42.TECLA CABINA;INTERRUPTOR DE TECLA PARA CABINA;42;;0;0;0;8;0;18,88;16;0;0
42.TULIPA.NISSAN;TULIPA PILOTO NISSAN;42;;0;0;0;17,5;0;29,5;25;0;0
42BAS7POL;BASE DE 7 POLOS;42;;0;0;0;5,26;5,26;9,9238;8,41;0;0
42BAS12V;BASE 07 TOM. ALUM. 12 V.;42;;0;0;40;2,13;2,13;3,5164;2,98;0;0
42BASE.7POLOS;BASE 7 POLOS 24 V. EMPOTRAR (PI?A);42;;0;0;30;10,01;10,01;15,3518;13,01;0;0
42CABLE TIR.;CABLE FORRADO PARA PRECINTO TIR (46 METROS);42;;0;0;0;19,35;0;30,8216;26,12;0;0
42CABLPREC.1;CABLES DE PRECINTAR (UNIDAD);42;;0;0;0;0;0;40,8988;34,66;0;0
42CAM4HIFRENOELECT;CABLE MANGUERA DE 4 HILOS DE FRENO ELECTRICO (METRO);42;;0;0;0;0;0;8,0272;6,92;0;0
42CB0D80;CAPTAFAROS DE RED BLANCO D80 C/T;42;;0;0;75;0,41;0;0,8496;0,72;0;0
42CC0ASD;CAJA CONTACTORES ASD;42;;0;0;20;132,22;0;187,2306;158,67;0;0
42CC1805;CUCHILLA 18 X 0,5MM;42;;0;0;30;0,24;0;0,3658;0,31;0;0
42CLA12V;CLAVIJA DE 7 POLOS;42;;0;0;40;1,88;1,88;11,7056;9,92;0;0
42CM7HILOS;CABLE MANGUERA DE 7 HILOS (METRO);42;;0;0;0;1,77;1,77;2,478;2,1;0;0
42CM2075;CABLE MANGUERA 2 X 0,75 (METROS);42;;0;0;35;0,23;0;0,3658;0,31;0;0
42CM4075;CABLE MANGUERA 4 X 0,75;42;;0;0;40;0,37;0,37;0,6018;0,51;0;0
42CO0001;CONMUTADOR FRENO ELECTRICO;42;;0;0;25;40,27;0;59,3894;50,33;0;0
42CONECTOR.BAT;CONECTOR BATERIA P-4000;42;;0;0;0;12;17,13;35,4;30;0;0
42CONEL24VIMPL;CONECTOR ELECTRICO 24 V IMPLEMENTOS (ROJO) UNIDAD;42;;0;0;0;0;0;23,2;20;0;0
42CONSENINCLINACIO;CONECTOR SENSOR DE INCLINACION (GR?A);42;;0;0;0;0;0;20,532;17,7;0;0
42CRISTALPLAF.;CRISTAL RECAMBIO PLAFON;42;;0;0;50;5,3;5,3;9,381;7,95;0;0
42CTCGRU;CABLE TOMA CORRIENTE GRUESO (METRO);42;;0;0;0;2,7;2,7;4,1536;3,52;0;0
42ESPIRAL EXT.6HIL;CABLE EXTENSIBLE DE 6 HILOS (UNIDAD) MANDO A DISTANCIA PLATAFORMA;42;;0;0;50;11,42;11,42;29,264;24,8;0;0
42FOC.TRAS.1;FOCO DE TRABAJO (TRASERO) CON MONTAJE INCLUIDO;42;;0;0;0;110,42;110,42;179,9618;152,51;0;0
42IN0001;INTERRUPTOR ESTANCO 2 POSICIONES;42;;0;0;30;5,11;5,11;7,8352;6,64;0;0
42LA0001;LAMPARA PLAFONIERS 24V 5W;42;;0;0;35;0,27;0,27;0,7906;0,67;0;0
42LA0003;LAMPARA PLAFONIERS 12V 5W;42;;0;0;35;0,21;0,21;0,7906;0,67;0;0
42LA0004;LAMPARA PILOTO 24V-5W;42;;0;0;50;0,23;0,23;0,3776;0,32;0;0
42LA0005;LAMPARA PILOTO 24V-21W;42;;0;0;40;0,35;0,35;0,5782;0,49;0;0
42LA0006;LAMPARA PILOTO 2P, 12- 5W;42;;0;0;40;0,27;0,27;0,4484;0,38;0;0
42LA0007;LAMPARA PILOTO 2P, 24V-5W;42;;0;0;30;0,46;0,46;0,708;0,6;0;0
42LA0243;LAMPARA 24V 3W BA 7S;42;;0;0;40;0,57;0;0,9558;0,81;0;0
42LU0001;LUZ CONTROL;42;;0;0;30;3,01;0;4,6138;3,91;0;0
42MA0010;FUNDA PARA CABLE MACARRON 10MM;42;;0;0;40;0,18;0,18;0,295;0,25;0;0
42MA0012;MACARRON 12MM;42;;0;0;30;0,19;0;0,2832;0,24;0;0
42PF0001;PORTA-FUSIBLES;42;;0;0;40;0,66;0;1,0974;0,93;0;0
42PI07SERV;TULIPA PILOTO VOLVO, MAN. IVECO,;42;;0;0;0;45,99;0;41,536;35,2;0;0
42PI7SERVC.MERC;PILOTO COMPLETO DE 7 SERVICIOS MERCEDES;42;;0;0;0;46;46;99,12;84;0;0
42PI0161;PILOTO MATRICULA COLOR NEGRO;42;;0;0;30;550;3,31;5,3218;4,51;0;0
42PI0172;PILOTO CURVO HOMOLOGADO, 1LAMPARA, ROJO Y BLANCO;42;;0;0;30;1450;8,71;14,7146;12,47;0;0
42PI0202;PILOTO CUADRADO, 1POLO COLOR ROJO O BLANCO;42;;0;0;40;1,21;1,21;2,0178;1,71;0;0
42PI0220;PLAFON INTERIOR FURGON DOS PORTALAMPARAS;42;;0;0;30;8,59;8,59;14,7146;12,47;0;0
42PI0221;PLAFON INTERIOR FURGON EMPOTRABLE;42;;0;0;0;15;0;29,5;25;0;0
42PI0303;PILOTO COLGANTE DOBLE RINDER;42;;0;0;0;16,72;16,72;0;0;0;0
42PI0333;TERCERA LUZ DE FRENO;42;;0;0;50;33,06;0;58,5044;49,58;0;0
42PI0644;PILOTO LATERAL AMBAR PEQUE?O;42;;0;0;30;2,98;2,98;5,3218;4,51;0;0
42PI0653;PILOTO LATERAL AMBAR GRANDE;42;;0;0;35;3,16;3,16;5,8528;4,96;0;0
42PI0659;PILOTO COLGANTE DOBLE MOD.659;42;;0;0;30;9,02;9,02;13,8296;11,72;0;0
42PI0843;PILOTO ROJO COLGANTE, REFLEX MOD. RI-843;42;;0;0;30;5,98;5,98;9,1804;7,78;0;0
42PI0845;PILOTO ROJO COLGANTE MOD 845;42;;0;0;30;1525;9,17;14,1836;12,02;0;0
42PI0900;PILOTO GALIBO BLANCO O ROJO 900 RECTANGULAR;42;;0;0;30;2,4;2,4;7,434;6,3;0;0
42PIC7SERV.NISSAN;PILOTO COMPLETO 7 SERVICIOS NISSAN;42;;0;0;0;52,8;52,8;84,96;72;0;0
42PIG0901;PILOTO GALIBO DE ANCHURA CON SOPORTE DE GOMA;42;;0;0;0;0;0;17,7;15;0;0
42REL.CONM.24;RELE DE CONMUTACION 24 V. 20.A;42;;0;0;50;2,55;2,55;4,5194;3,83;0;0
42RP0210;RELE DOBLE POLIVALENTE 2 X 10;42;;0;0;40;3,01;0;4,9678;4,21;0;0
42RX701A;REFLECTOR NARANJA REMACHABLE, MOD. 701-11-A;42;;0;0;35;0,87;0,87;1,3806;1,17;0;0
42SOPORT.FRENO EL.;SOPORTE FRENO ELECTRICO;42;;0;0;50;6,7;6,7;11,859;10,05;0;0
42TD4445;TERMINAL DESNUDO 4445;42;;0;0;50;0,06;0,06;0,1062;0,09;0;0
42TE4498;TERMINAL DESNUDO 4498;42;;0;0;100;0,03;0,03;0,0708;0,06;0;0
42TR00C2;TRIANGULO REFLECTANTE ROJO C/2 AGUJEROS;42;;0;0;75;0,55;0;1,1328;0,96;0;0
42TRANSD.850;TRANSDUCTOR DE PRESION PARA GRUAS;42;;0;0;0;83,46;63,11;131,3104;111,28;0;0
43.A.T.P.ISOTERMO;ATP (DUPLICADO DE CERTIFICADO PARA ISOTERMO);43;;0;0;0;60;60;106,2;90;0;0
43.PULS.FALLEBA;CIERRE DE FALLEBA (PULSADOR);43;;0;0;0;0;0;12,7676;10,82;0;0
43.SEG.MANETA;SEGURO DE MANETA FALLEBA (PUSH);43;;0;0;0;0;0;16,52;14;0;0
43CAMB.ACINOX.3/4;CAMBRON EN ACERO INOXIDABLE PARA FALLEBA DE 3/4;43;;0;0;0;0;0;10,62;9;0;0
43CAMB.FORJA 3/4;CAMBRON DE FORJA PARA FALLEBA DE 3/4 CON LLAVE;43;;0;0;0;3,97;3,97;6,1006;5,17;0;0
43CE00001;BOMBIN FALLEBA CON LLAVE (SOLO);43;;0;0;40;1,95;1,95;8,26;7;0;0
43CERR.EMPOT.;CERRADURA EMPOTRABLE CON LLAVE INOXIDABLE (GRANDE);43;;0;0;30;9,52;9,52;14,5966;12,37;0;0
43CI0001;CIERRE PARA MANETA DE FALLEBA;43;;0;0;30;5,26;5,26;30,1726;25,57;0;0
43CI0034;KIT DE DOS CIERRES PARA FALLEBA DE TRES CUARTOS;43;;0;0;35;11,09;11,09;17,6764;14,98;0;0
43CI0201;CIERRE DE SEGURIDAD FALLEBA DIAM. 25 MM.;43;;0;0;0;60;63,11;112,1;95;10;5
43FALLEBA 3/4;FALLEBA EXTERIOR DE 3/4 ZINCADA COMPLETA (SIN TUBOS);43;;0;0;0;37;0;90,86;77;0;0
43FALLEBA CONTENED;FALLEBA COMPLETA TIPO CONTENEDOR;43;;0;0;0;0;0;52,4746;44,47;0;0
43FE0001;CIERRE H. FALLEBA GRANDE;43;;0;0;50;0,97;0,97;1,711;1,45;0;0
43FE1/2.AC.INOX.;FALLEBA DE 1/2 EXTER.C/LLAVE ACER.INOX.COMPLETA (SIN TUBO);43;;0;0;50;50,01;45,44;86,317;73,15;0;0
43FE0034;FALLEBA EXTERIOR DE 1/2 ZINCADA CON LLAVE COMPLETA (SIN TUBO);43;;0;0;40;27,09;26,44;53,1;45;0;0
43LEVFORJA DE 3/4;LEVA DE FORJA PARA FALLEBA 3/4 CON LLAVE;43;;0;0;0;3,52;3,52;5,4044;4,58;0;0
43MA0001;MANETA DE FALLEBA;43;;0;0;35;11,61;11,61;24,78;21;0;0
43MU0034;MUELLE PARA FALLEBA DE 3/4;43;;0;0;0;0,33;0,33;4,13;3,5;0;0
43PUENFALCOM;PUENTE DE FALLEBA COMPLETO (CON PLASTICOS);43;;0;0;0;0;0;5,6758;4,81;0;0
44.B.SUJEC;BARRA DE SUJECION EN ACERO DE CREMALLERA CON TACO DE GOMA;44;;0;0;0;30;0;76,7;65;0;0
44.B.SUJEC.;BARRA ALUMINIO PARA SUJECION DE CARGA REGULABLE (TERMINA EN TACO DE GOMA);44;;0;0;0;28,64;28,64;96,76;82;0;0
44.COLCHON TERMICO;COLCHON TERMICO PARA INTERIOR FURGON;44;;0;0;0;460;500;826;700;0;0
44.PINZA CORREDIZA;PINZA CORREDIZA O SOPORTE PARA BARRA TIPO ANCRA;44;;0;0;0;23,9;23,9;45,1232;38,24;0;0
44.RAIL.ALUMINIO;BARRA ALUMINIO DE 3.000 M.M. ANCRA;44;;0;0;0;41,63;41,63;78,5998;66,61;0;0
44BT0001;BARRA INTERIOR, PARA SUJECCION DE CARGA (CON MUELLE ), PARA PERFIL ESLINGA;44;;0;0;0;21,1;0;64,9;55;0;0
45.AMORT.800;AMORTIGUADOR DE 1500 NW. DE 800 M.M.LARGO;45;;0;0;0;0;0;42,48;36;0;0
45.AMORTIG.1200;AMORTIGUADOR DE GAS 1200 NW DE 700 M.M. DE LARGO;45;;0;0;0;9,99;9,99;35,4;30;0;0
45.AMORTIG.PORTERA;AMORTIGUADOR PARA CARRO DE ARQUILLADA;45;;0;0;0;5,73;5,73;17,7;15;0;0
45AM0A80;AMORTIGUADOR DE GAS DE 70KG LARGO;45;;0;0;0;0;0;0;0;0;0
45AM0025;AMORTIGUADOR DE GAS PARA 25 KG;45;;0;0;50;6,04;6,04;10,6436;9,02;0;0
45AM0030;AMORTIGUADOR DE GAS DE 30 KG.;45;;0;0;0;5,65;5,65;10,9268;9,26;0;0
45AM0035;AMORTIGUADOR DE GAS PARA 35KG;45;;0;0;0;6,16;6,16;11,21;9,5;0;0
45AM0040;AMORTIGUADOR DE GAS PARA 45 KG;45;;0;0;75;6,31;6,31;13,1216;11,12;0;0
45AM0050;AMORTIGUADOR DE GAS DE 50 KG.;45;;0;0;0;5,65;5,65;14,8916;12,62;0;0
45AM0080;AMORTIGUADOR DE GAS PARA 80O NW. 600 M.M. LARGO TOTAL;45;;0;0;30;9,62;45,06;31,86;27;0;0
45AM0100;AMORTIGUADOR DE GAS DE 1.000 M.M.;45;;0;0;0;43,57;43,57;93,6094;79,33;0;0
45AM0135;AMORTIGUADOR DE GAS PARA 130 KG;45;;0;0;0;0;0;0;0;0;0
45AM0150;AMORTIGUADOR DE GAS 1500 NW. DE 700 M.M. DE LARGO;45;;0;0;0;12,84;37,27;37,76;32;0;0
45AM1060;AMORTIGUADOR DE GAS PARA 60O NW. 50O M.M. LARGO ABIERTO;45;;0;0;50;5,77;5,77;31,86;27;0;0
46GC000B1;GANCHO PARA CARNE;46;;0;0;0;0;0;7,021;5,95;0;0
46GC0001;GANCHO PARA CARNE, ACERO INOXIDABLE, ARTICULADO;46;;0;0;30;5,77;5,77;8,8618;7,51;0;0
46GC0002;JUEGO ARANDELAS PARA GANCHOS, 14MM, UNA DE NYLON Y OTRA DE ACERO INOXIDABLE;46;;0;0;0;0;0;0;0;0;0
46GC0003;JUEGOS SOPORTES PARA CARRIL CON CADENA RETENEDOR, ACERO INOXIDABLE;46;;0;0;0;0;0;0;0;0;0
46GC0004;CARRIL PARA GANCHOS, ALUMINIO ANODIZADO;46;;0;0;0;0;0;0;0;0;0
47.BISAGRA CONTINU;BISAGRA CONTINUA EN ALUMINIO DE 2.800 M.M.;47;;0;0;0;71,43;71,43;133,34;113;0;0
47BI00B1;BISAGRA PLANA ACERO INOXIDABLE;47;;0;0;30;5,11;5,11;8,5078;7,21;0;0
47BI00B2;BISAGRA DE CAJON CINCADA;47;;0;0;0;3,13;3,13;5,4988;4,66;0;0
47BI0001;BISAGRA FURGON;47;;0;0;0;0;0;0;0;0;0
47BI0002;BISAGRA TRES AGUJEROS ANTIRROBO GR/SOP BAJO CINC;47;;0;0;40;5,68;5,68;9,3928;7,96;0;0
47BI0003;BISAGRA FURGON TRASERA TRES AGUJEROS SIN PUENTE PARA SOLDAR;47;;0;0;0;7,51;7,51;16,52;14;0;0
47BI0004;BISAGRA DE FURGON CUATRO AGUJEROS MODO TAMBRE;47;;0;0;0;7,51;7,51;21,24;18;0;0
47BI0005;BISAGRA AIEREACION CORTA INOX;47;;0;0;30;2,91;2,91;4,6138;3,91;0;0
47BI0012;PUENTE PARA BISAGRA TRASERA;47;;0;0;0;0,96;0,96;0;0;0;0
47BIBASC DE 30;BISAGRA BASCULANTE EJE DE 30 M.M.;47;;0;0;0;0;38;56,64;48;0;0
47BIBASC DE 40;BISAGRA BASCULANTE EJE DE 40 M.M.;47;;0;0;0;0;38;63,72;54;0;0
47BISAG.FURG.INOX;BISAGRA INOXIDABLE DE 220 LARGO 3 TALADROS;47;;0;0;0;0;0;14,16;12;0;0
47BIVF01;BISAGRA VENTANA FURGON FRIG. INOX.;47;;0;0;40;3,55;3,55;5,8528;4,96;0;0
48.LLAVE ARQUILLA;LLAVE DE ARQUILLA;48;;0;0;0;1,8;1,8;5,546;4,7;0;0
48CECAJ.TERMOP;CERRADURA DE CAJON TERMOPLASTICO;48;;0;0;50;0;6,61;11,7056;9,92;0;0
48CERRADU.ARQUILLA;CERRADURA DE ARQUILLA;48;;0;0;0;3,8;3,8;11,4608;9,88;0;0
48CI0001;CIERRE COMPLETO CON LLAVE CUADRADA;48;;0;0;30;7,78;7,78;11,9298;10,11;0;0
49.SOPORT.ANTI-EMP;SOPORTE ANTIEMPOTRAMIENTO LATERAL;49;;0;0;0;8,24;8,24;19,4464;16,48;0;0
49.SOPORT.KIT.ANTI;SOPORTE KIT ANTIEMPOTRAMIENTO COMPLETO;49;;0;0;0;8,71;8,71;29,5;25;0;0
49.SOPORT.SINEBLOC;SOPORTE SINEMBLOC;49;;0;0;0;16;16;24,544;20,8;0;0
49BR0104;BROCA HSS 1010-4;49;;0;0;30;0,58;0,58;0,8968;0,76;20;3
49BR0105;BROCA HSS 1010-5;49;;0;0;30;0,78;0,78;1,2036;1,02;20;3
49BR0106;BROCA HSS 1010-6;49;;0;0;0;1,01;1,01;1,1918;1,01;0;0
49BR0107;BROCA HSS 1010-7;49;;0;0;30;1,38;1,38;2,1122;1,79;40;3
49BR0108;BROCA HSS 1010-8;49;;0;0;30;1,62;1,62;2,4898;2,11;40;3
49BR0110;BROCA HSS 1010-10MM;49;;0;0;30;1;1;1,534;1,3;20;3
49BR0115;BROCA HSS 1010-11.5;49;;0;0;30;1;1;1,534;1,3;20;2
49BR0125;BROCA HSS 12,5MM;49;;0;0;0;763;0;5,4162;4,59;20;2
49BR0140;BROCA HSS 1010-14;49;;0;0;0;6,67;6,67;7,8706;6,67;0;0
49BR0145;BROCA HSS 1010-14,5;49;;0;0;0;7,17;0;8,4606;7,17;0;0
49BR0160;BROCA HSS 1010-16;49;;0;0;0;8,84;8,84;10,4312;8,84;0;0
49BR0165;BROCA HSS 1110-16,5;49;;0;0;0;16,47;16,47;19,4346;16,47;0;0
49BR1052;BROCA HSS 1010-5.25;49;;0;0;0;0,83;0,83;0,9794;0,83;20;3
49BR01550;BROCA HSS 1010-5.50;49;;0;0;30;1;1;1,534;1,3;20;3
49PB0010;PORTABROCAS CIERRE RAPIDO;49;;0;0;0;34,03;34,03;40,1554;34,03;0;0
49SCOTA51;SIERRA CORONA 51 PARA TALADRO;49;;0;0;50;11,42;11,42;20,2134;17,13;0;0
49SOPSCTA;SOPORTE SIERRA CORONA TALADRO;49;;0;0;50;17,43;17,43;30,8452;26,14;0;0
50TA0015;TABLERO FINLANDES 1500 X 2150 X 15MM;50;;0;0;30;0;47,79;37,76;32;0;0
50TA0018;TABLERO FINLANDES 1525 X 2500 X 18MM;50;;0;0;0;0;65,89;44,84;38;0;0
50TA0030;TABLERO FINLANDES 1220 X 3050 X 30MM;50;;0;0;30;114,05;114,05;59;50;0;0
50TA0114;TABLERO FINLANDES 1525 X 2250 X 14 MM;50;;0;0;0;0;0;47,2;40;0;0
50TA1024;TABLERO FINLANDES 1525 X 2500 X 24MM (MT.CUADRADO);50;;0;0;30;23,62;21,7;49,56;42;0;0
51TU3010;TUBO CUADRADO ACERO INOXIDABLE 50 X 50;51;;0;0;0;0;0;0;0;0;0
51TU3015;TUBO RECTANGULAR ACERO INOXIDABLE 30 X 15 X 1,5;51;;0;0;0;3,55;3,55;4,189;3,55;0;0
51TU3030;TUBO CUADRADO ACERO INOXIDABLE 30 X 30 X 1,5;51;;0;0;0;4,48;4,48;6,8794;5,83;0;0
51TU4040;TUBO CUADRADO ACERO INOXIDABLE 40 X 40 X 1,5;51;;0;0;0;6,03;6,03;7,1154;6,03;0;0
52CH0015;CHAPA ACERO INOXIDABLE 3000 X 1500 X 1,5;52;;0;0;0;2,61;2,61;3,0798;2,61;0;0
52CH0025;CHAPA ACERO INOXIDABLE 3000 X 1500 X 2,5;52;;0;0;0;2,58;2,58;3,0444;2,58;0;0
52CH2004;CHAPA ACERO INOXIDABLE 2000 X 1000 X 4;52;;0;0;0;2,28;2,28;2,6904;2,28;0;0
52CHDAMERO;CHAPA DAMERO DE 3.000 X 1.500 X 4 M.M. + PALILLOS;52;;0;0;0;211;211;0;0;0;0
53TC1615;TUBO CUADRADO 16 X 16 X 1,5 M.M.;53;;0;0;40;0,54;0,54;0,8968;0,76;0;0
53TC2020;TUBO CUADRADO 20 X 20 X 1,5 MM;53;;0;0;0;0,51;0,51;0,6018;0,51;0;0
53TC2515;TUBO CUADRADO 25 X 1,5MM;53;;0;0;0;0,53;0,53;0,6254;0,53;0;0
53TC3015;TUBO CUADRADO 30 X 1,5MM;53;;0;0;40;0,39;0,39;0,649;0,55;0;0
53TC4002;TUBO CUADRADO 40 X 2 MM;53;;0;0;40;0,46;0,46;0,7552;0,64;0;0
53TC5002;TUBO CUADRADO 50 X 2 MM;53;;0;0;0;0;0,5;0,7198;0,61;0;0
53TC5003;TUBO CUADRADO 50 X 50 X 3MM;53;;0;0;0;0,5;0,5;0,59;0,5;0;0
53TC8080;TUBO CUADRADO DE 80 EN 3MM;53;;0;0;20;0;3,08;4,366;3,7;0;0
53TR1030;TUBO RECTANGULAR 100 X 30 X 2 MM;53;;0;0;40;0,59;0,59;0,9794;0,83;0;0
53TR1040;TUBO RECTANGULAR 100 X 40 X 2 M.M.;53;;0;0;40;0,51;0,51;0,8496;0,72;0;0
53TR1050;TUBO RECTANGULAR 100 X 50 X 2 MM;53;;0;0;40;0,66;0,66;1,0856;0,92;0;0
53TR1053;TUBO RECTANGULAR 100 X 50 X 3 M.M.;53;;0;0;40;0,55;0,55;0,9204;0,78;0;0
53TR1060;TUBO RECTANGULAR 100 X 60 X 3 M.M.;53;;0;0;40;0,53;0,53;0,885;0,75;0;0
53TR3010;TUBO RECTANGULAR 30 X 10 X 1,5MM;53;;0;0;40;0,51;0,51;0,8496;0,72;0;0
53TR3020;TUBO RECTANGULAR 30 X 20 X 1,5 MM;53;;0;0;40;0,47;0,47;0,7906;0,67;0;0
53TR3025;TUBO RECTANGULAR 30 X 25 X 1,5 MM;53;;0;0;40;0,48;0,48;0,7906;0,67;0;0
53TR3515;TUBO RECTANGULAR 35 X 15 X 1,5MM;53;;0;0;40;0,53;0,53;0,885;0,75;0;0
53TR3520;TUBO RECTANGULAR 35 X 20 X 1,5 M.M.;53;;0;0;40;0,53;0,53;0,885;0,75;0;0
53TR4010;TUBO RECTANGULAR 40 X 10 X 1,5MM;53;;0;0;40;0,59;0,59;0,9676;0,82;0;0
53TR4020;TUBO RECTANGULAR 40 X 20 X 1,5 MM;53;;0;0;40;0,46;0,46;0,7552;0,64;0;0
53TR4030;TUBO RECTANGULAR 40 X 30 X 1,5 M.M.;53;;0;0;40;0,39;0,39;0,649;0,55;0;0
53TR5020;TUBO RECTANGULAR 50 X 20 X 1,5 MM;53;;0;0;0;0,5;0,5;0,59;0,5;0;0
53TR6040;TUBO RECTANGULAR 60 X 40;53;;0;0;0;0;0;0;0;0;0
53TRE141;TUBO REDONDO 14 X 1,5 M.M.;53;;0;0;40;0,73;0,73;1,2154;1,03;0;0
53TRE251;TUBO REDONDO 25 X 1,5 M.M.;53;;0;0;40;0,51;0,51;0,8496;0,72;0;0
54UH0040;"FORMA "" U "" DE HIERRO DE 40";54;;0;0;30;0,4;0,4;0,6136;0,52;0;0
54UH0050;"FORMA "" U "" DE HIERRO DE 50";54;;0;0;0;0,38;0,38;0,4484;0,38;0;0
54UH0070;"FORMA "" U "" DE HIERRO DE 70";54;;0;0;0;0;0;0;0;0;0
54UH0080;"FORMA "" U "" DE HIERRO DE 80";54;;0;0;0;0,33;0,33;0,3894;0,33;0;0
54UH0100;"FORMA "" U "" DE HIERRO DE 100";54;;0;0;0;0,35;0,35;0,413;0,35;0;0
54UH0120;"FORMA "" U "" DE HIERRO DE 120";54;;0;0;0;0,35;0,35;0,413;0,35;0;0
54UH0140;"FORMA "" U "" DE HIERRO DE 140";54;;0;0;0;0,35;0,35;0,413;0,35;0;0
54UH0160;"FORMA "" U "" DE HIERRO DE 160";54;;0;0;0;0,37;0,37;0,4366;0,37;0;0
54UH0180;"FORMA "" U "" DE HIERRO DE 180 MM";54;;0;0;0;0,4;0,4;0,472;0,4;0;0
54UH0200;"FORMA ""U"" HIERRO DE 200";54;;0;0;0;0;10,34;0;0;0;0
55CN0002;CHAPA NEGRA 6000 X 1500 X 2 M.M.;55;;0;0;0;0,42;0,42;0,4956;0,42;0;0
55CN0003;CHAPA NEGRA 3000 X 1500 X 3 M.M.;55;;0;0;40;0;0,23;0;0;0;0
55CN0004;CHAPA NEGRA 4MM;55;;0;0;0;0,39;0,39;0,4602;0,39;0;0
55CN0005;CHAPA NEGRA 5MM;55;;0;0;0;0,4;0,4;0,472;0,4;0;0
55CN0006;CHAPA NEGRA 2000 X 1000 X 6 M.M.;55;;0;0;40;0,4;0,4;0,6608;0,56;0;0
55CN0008;CHAPA NEGRA 8MM;55;;0;0;0;0,39;0,39;0,4602;0,39;0;0
55CN0015;CHAPA NEGRA 2000 X 1000 X 1,5 M.M.;55;;0;0;40;0,44;0,44;0,9322;0,79;0;0
55CN0025;CHAPA NEGRA 2000 X 1000 X 2,5 M.M.;55;;0;0;40;0,41;0,41;0,6844;0,58;0;0
55CN2010;CHAPA NEGRA 2000 X 1000 X 2 M.M.;55;;0;0;20;0;0;0,6254;0,53;0;0
55CN2013;CHAPA NEGRA 2000 X 1000 X 3 M.M.;55;;0;0;40;0,36;0,36;0,59;0,5;0;0
55CN2014;CHAPA NEGRA 2000 X 1000 X 4 M.M.;55;;0;0;40;0,36;0,36;0,59;0,5;0;0
55CN2015;CHAPA NEGRA 2000 X 1000 X 5 M.M.;55;;0;0;40;0,36;0,36;0,59;0,5;0;0
55CN20108;CHAPA NEGRA 2000 X 1000 X 6M.M.;55;;0;0;40;0,38;0,38;0,6372;0,54;0;0
57CI0002;CHAPA INDUSTRIAL DE 2MM;57;;0;0;0;0,41;0,41;0,4838;0,41;0;0
57CI0003;CHAPA INDUSTRIAL DE 3MM;57;;0;0;0;0,39;0,39;0,4602;0,39;0;0
57CI0004;CHAPA INDUSTRIAL 4MM;57;;0;0;0;0,35;0,35;0,413;0,35;0;0
58CH2115;CHAPA REPUJADA 2000 X 1000 X 1,5 M.M.;58;;0;0;40;0,54;0,54;0,8968;0,76;0;0
58CHES25;CHAPA ESTAMPADA 2,5 M.M.;58;;0;0;40;0,61;0,61;1,0148;0,86;0;0
59AN0010;ANGULO LAMINADO 10 X 10MM;59;;0;0;0;0;0;0;0;0;0
59AN0025;ANGULO LAMINADO 25 X 1,5 M.M.;59;;0;0;40;0,78;0,78;1,2862;1,09;0;0
59AN0030;ANGULO DE HIERRO DE 30MM;59;;0;0;40;0,36;0,36;0,59;0,5;0;0
59AN0040;ANGULO DE HIERRO DE 40 MM;59;;0;0;0;0,35;0,35;0,413;0,35;0;0
59AN0050;ANGULO DE HIERRO DE 50 MM;59;;0;0;0;0,33;0,33;0,3894;0,33;0;0
59AN0060;ANGULO DE HIERRO DE 60 MM;59;;0;0;40;0,33;0,33;0,5428;0,46;0;0
59AN1515;ANGULO LAMINADO 15 X 1,5 MM;59;;0;0;0;0,77;0,77;0,9086;0,77;0;0
59AN3015;ANGULO LAMINADO 30 X 1,5 M.M.;59;;0;0;40;0,76;0,76;1,2626;1,07;0;0
60RC0012;REDONDO CALIBRADO DE 12MM;60;;0;0;0;0,58;0,58;0,6844;0,58;0;0
60RC0016;REDONDO CALIBRADO DE 16 MM;60;;0;0;0;0,59;0,59;0,6962;0,59;0;0
60RC0018;REDONDO CALIBRADO DE 18MM;60;;0;0;0;0,58;0,58;0,6844;0,58;0;0
60RC0020;REDONDO CALIBRADO DE 20MM;60;;0;0;0;0,58;0,58;0,6844;0,58;0;0
60RC0022;REDONDO CALIBRADO DE 22MM;60;;0;0;0;0,59;0,59;0,6962;0,59;0;0
60RC0025;REDONDO CALIBRADO DE 25MM;60;;0;0;0;0,58;0,58;0,6844;0,58;0;0
60RC0035;REDONDO CALIBRADO DE 35MM;60;;0;0;0;0,59;0,59;0,6962;0,59;0;0
60RC0050;REDONDO CALIBRADO DE 50 X 1,5 M.M. GALVAN.;60;;0;0;40;0,75;0,75;1,239;1,05;0;0
61RS0010;REDONDO SIDERURGICO 10MM;61;;0;0;0;0,35;0,35;0,413;0,35;0;0
61RS0012;REDONDO SIDERURGICO 12MM;61;;0;0;0;0,34;0,34;0,4366;0,37;0;0
61RS0014;REDONDO SIDERURGICO 14MM;61;;0;0;0;0,36;0,36;0,4248;0,36;0;0
61RS0016;REDONDO SIDERURGICO 16MM;61;;0;0;0;0,34;0,34;0,4012;0,34;0;0
62TE0160;TUBO ESTRUCTURAL 160 X 80 X 10;62;;0;0;0;0;0;0;0;0;0
62TE0503;TUBO ESTRUCTURAL 50 X 3MM;62;;0;0;0;0,5;0,5;0,59;0,5;0;0
62TE1050;TUBO ESTRUCTURAL 100 X 50 X 3 M.M.;62;;0;0;0;0,55;0,55;0,649;0,55;0;0
62TE1055;TUBO ESTRUCTURAL 100 X 50 X 5 M.M.;62;;0;0;40;0,46;0,46;0,767;0,65;0;0
62TE1060;TUBO ESTRUCTURAL 100 X 60 X 6MM;62;;0;0;0;0,54;0,54;0,6372;0,54;0;0
62TE1063;TUBO ESTRUCTURAL 100 X 60 X 3MM;62;;0;0;0;0,55;0,55;0,649;0,55;0;0
62TE1066;TUBO ESTRUCTURAL 100 X 60 X 6 M.M.;62;;0;0;40;0,52;0,52;0,8614;0,73;0;0
62TE1260;TUBO ESTRUCTURAL 120 X 60 X 3MM;62;;0;0;40;0,55;0,55;0,9204;0,78;0;0
62TE1460;TUBO ESTRUCTURAL 140 X 60 X 4 M.M.;62;;0;0;40;0,52;0,52;0,8496;0,72;0;0
62TE6003;TUBO ESTRUCTURAL 60 X 3MM;62;;0;0;40;0,48;0,48;0,7906;0,67;0;0
62TE6040;TUBO ESTRUCTURAL 60 X 40 X 3MM;62;;0;0;40;0,51;0,51;0,8496;0,72;0;0
62TE8040;TUBO ESTRUCTURAL 80 X 40 X 3MM;62;;0;0;40;0,52;0,52;0,8496;0,72;0;0
62TE8080;TUBO ESTRUCTURAL 80 X 80;62;;0;0;0;0;0;0;0;0;0
62TE9090;TUBO ESTRUCTURAL 90 X 90 X 5;62;;0;0;0;0;0;0;0;0;0
62TR1550;TUBO RECTANGULAR 150 X 50 X 3MM;62;;0;0;20;0,93;0,93;1,0974;0,93;0;0
62TR8060;TUBO RECTANGULAR 80 x 60;62;;0;0;20;0,69;0,69;0,8142;0,69;0;0
63PL0180;PLETINA 180 X 10 M.M.;63;;0;0;0;0,4;0,4;1,062;0,9;0;0
63PL0255;PLETINA 25 X 5 M.M.;63;;0;0;0;0,36;0,36;1,062;0,9;0;0
63PL0408;PLETINA 40 X 8 M.M.;63;;0;0;0;0,33;0,33;1,062;0,9;0;0
63PL0508;PLETINA 50 X 8 M.M.;63;;0;0;0;0,33;0,33;1,062;0,9;0;0
63PL0608;PLETINA 60 X 8 M.M.;63;;0;0;0;0,33;0,33;1,062;0,9;0;0
63PL1008;PLETINA 80 X 10 M.M.;63;;0;0;0;0,35;0,35;1,062;0,9;0;0
63PL1010;PLETINA 100 X 10 M.M.;63;;0;0;0;0,35;0,35;1,062;0,9;0;0
63PL1015;PLETINA 100 X 15 M.M.;63;;0;0;0;0,36;0,36;1,062;0,9;0;0
63PL1210;PLETINA 120 X 10 M.M.;63;;0;0;0;0,35;0,35;1,062;0,9;0;0
63PL1212;PLETINA 120 X 12 M.M.;63;;0;0;0;0,36;0,36;1,062;0,9;0;0
63PL1410;PLETINA 140 X 10 M.M.;63;;0;0;0;0,4;0,4;1,062;0,9;0;0
63PL1610;PLETINA 160 X 10 M.M.;63;;0;0;0;0,45;0,45;1,062;0,9;0;0
63PL1612;PLETINA 160 X 12 M.M.;63;;0;0;0;0,38;0,38;1,062;0,9;0;0
63PL4010;PLETINA 40 X 10 M.M.;63;;0;0;0;0,33;0,33;1,062;0,9;0;0
63PL6010;PLETINA 60 X 10 M.M.;63;;0;0;0;0,33;0,33;1,062;0,9;0;0
63PL7010;PLETINA 70 X 10 M.M.;63;;0;0;0;0,33;0,33;1,062;0,9;0;0
63PL7015;PLETINA 70 X 15 M.M.;63;;0;0;0;0,36;0,36;1,062;0,9;0;0
63PL9012;PLETINA 90 X 12 M.M.;63;;0;0;0;0,38;0,38;1,062;0,9;0;0
64TU0000;TUBO DE INVERNADERO;64;;0;0;0;0,82;0,82;0,9676;0,82;0;0
64TU0012;TUBERIA GALVANIZADA DE 1/2;64;;0;0;0;1,03;1,03;1,2154;1,03;0;0
64TU0034;TUBERIA CON Y SIN ROSCA DE 3/4;64;;0;0;0;0,88;0,88;1,4632;1,24;0;0
65.PERF.CURVO;PERFIL CURVO ANTI-CICLISTA;65;;0;0;0;5,96;5,96;12,9446;10,97;0;0
65PAL.TC.COR.;GUIA ALUMINIO TECHO CORREDERO TIPO DUMPER;65;;0;0;0;8;8;14,042;11,9;0;0
65PAN404;PERFIL ANGULAR 40 X 40 X 4 M.M.;65;;0;0;40;0,34;0,34;0,5546;0,47;0;0
65PAN505;PERFIL ANGULAR 50 X 50 X 5 M.M.;65;;0;0;40;0,34;0,34;0,5546;0,47;0;0
65PAN606;PERFIL ANGULAR 60 X 60 X 6 M.M.;65;;0;0;40;0,34;0,34;0,5546;0,47;0;0
65U35703;PERFIL U 35 X 70 X 35 X 3 M.M.;65;;0;0;40;0,67;0,67;1,1092;0,94;0;0
65U40803;PERFIL U 40 X 80 X 40 X 3 M.M.;65;;0;0;40;0,61;0,61;1,003;0,85;0;0
65U50104;PERFIL U 50 X 100 X 50 X 4 M.M.;65;;0;0;40;0,58;0,58;0,9558;0,81;0;0
65UH050L;PERFIL U HIERRO 50 LAMINADO;65;;0;0;40;0,39;0,39;0,649;0,55;0;0
65UH080L;PERFIL U HIERRO 80 LAMINADO;65;;0;0;40;0,34;0,34;0,5664;0,48;0;0
65UH100L;PERFIL U HIERRO 100 LAMINADO;65;;0;0;40;0,34;0,34;0,5546;0,47;0;0
65UH140L;PERFIL U HIERRO 140 LAMINADO;65;;0;0;40;0,34;0,34;0,5546;0,47;0;0
65UP0040;PERFIL UPN 40 M.M.;65;;0;0;40;0,36;0,36;0,59;0,5;0;0
65UP0050;PERFIL UPN 50 M.M.;65;;0;0;40;0,38;0,38;0,4484;0,38;0;0
65UP0060;PERFIL UPN 60 M.M.;65;;0;0;0;0,36;0,36;0,4248;0,36;0;0
65UP0080;PERFIL UPN 80 M.M.;65;;0;0;40;0,34;0,34;0,5664;0,48;0;0
65UP0100;PERFIL UPN 100 M.M.;65;;0;0;40;0,34;0,34;0,5664;0,48;0;0
65UP0140;PERFIL UPN 140 M.M.;65;;0;0;0;0,34;0,34;0,4012;0,34;0;0
66 AIREADOR BLANCO;AIREADOR GIRATORIO DE PLASTICO (COLOR BLANCO);66;;0;0;0;21,62;21,62;67,26;57;0;0
66.AIR.FURGON;AIREADOR GIRATORIO DE PLASTICO (COLOR NEGRO);66;;0;0;0;74,4;0;123,9;105;0;0
66.MAROUTHAN.;MAROUTHAN (EN LATA 10 KG)+ CATALIZADOR;99;;0;0;0;0;0;133,34;113;0;0
66.PI.IGNIFUGA;PINTURA IGNIFUGA (SE SIRVE MINIMO EN 15 LITROS);66;;0;0;0;211,3;0;312,7;265;0;0
66CI0019;CINTA ENMASCARA TESA 19MM;66;;0;0;55;0,58;0,58;1,062;0,9;0;0
66CI0050;CINTA DE ENMASCARAR TESA 50MM;66;;0;0;35;1,75;1,75;2,7966;2,37;0;0
66DI0001;DISCOS PARA LIJADORA REDONDA;66;;0;0;35;1,21;1,21;1,593;1,35;0;0
66DIUN25;DISOLVENTE UNIVERSAL 25L.;66;;0;0;50;17,35;17,35;38,5624;32,68;0;1
66PA0090;PAPEL ENMASCARAR 90CM;66;;0;0;30;39,07;39,07;59,9322;50,79;0;0
66PI0G20;GRIS TRONER 20L;66;;0;0;30;91,35;0;140,1368;118,76;0;0
66PI0M20;GRIS MERCEDES 20L;66;;0;0;30;103,37;0;158,5802;134,39;0;0
66PI0R5D;PINTURA ROJO IVECO 20L;66;;0;0;20;103,37;0;146,379;124,05;0;0
67GRILLETES 5/8;GRILLETES CON PASADOR 5/8;67;;0;0;0;1,9;1,9;2,832;2,4;0;0
67PA003R;PASADORES DE R DE 3 M.M.;67;;0;0;30;0,15;0,15;0,3186;0,27;0;0
67PA004R;PASADORES DE R DE 4 M.M.;67;;0;0;50;0,15;0,15;0,2714;0,23;0;0
67PA005R;PASADORES DE R DE 5 M.M.;67;;0;0;30;0,18;0,18;0,2714;0,23;0;0
67PA8100;PASADOR DE MEDIA CA?A ZINCADO 8 X 100;67;;0;0;40;0,37;0,37;0,6136;0,52;0;0
68.PANEL DE PUERTA;PANEL DE PUERTA DE 2500 X 1200 EN SANDWICH DE 30 M.M.;68;;0;0;0;148,14;148,14;263,14;223;0;0
68PO0001;ROLLOS DE POLIESTER M2;68;;0;0;0;15,5;931,57;31,86;27;0;0
69AH0001;ACEITE HIDRAULICO;69;;0;0;0;0,66;0;2,832;2,4;0;0
69VALVUL.;VALVULINA;69;;0;0;0;6;0;10,62;9;0;0
70RE0001;JUEGO DE JUNTAS REF.31205;70;;0;0;0;24,99;0;0;0;0;0
71.ADH.PANELFX.;ADHESIVO PANEL FX000;71;;0;0;0;29,53;0;47,2;40;0;0
71.BARRA CARTOLAS;BARRA PVC. PARA CARTOLAS;71;;0;0;0;0;0;21,24;18;0;0
71.BATERIA SCANREC;BATERIA PARA MANDO SCANRECO;71;;0;0;0;53,4;0;129,8;110;0;0
71.CONTACTORPLATAF;CONTACTOR PARA PLATAFORMA ZEPRO;71;;0;0;0;0;0;23,6;20;0;0
71.DESCON.BATERIAS;DESCONECTADOR DE BATERIAS;71;;0;0;0;0;0;81,6088;69,16;0;0
71.GANCHO11TM;GANCHO GRUA DE 11 TM. CON SEGURO;71;;0;0;0;76,62;76,62;234,82;199;0;0
71.GUARD.RZL.750;GUARDAPOLVOS PARA RZL-750 KG.;71;;0;0;0;15,21;0;22,42;19;0;0
71.GUARDAPOLVO.SOP;GUARDAPOLVO PARA SOPORTE MANDO DISTRIBUIDOR;71;;0;0;0;2,9;2,9;4,5548;3,86;0;0
71.HORQUILLA.MANDO;HORQUILLA DE PLASTICO PARA MANDO GRUA;71;;0;0;0;2;0;4,13;3,5;0;0
71.INT.PROXIMIDAD;INTERRUPTOR DE PROXIMIDAD PARA PLATAFORMA ANTEO (TRANSDUCTOR);71;;0;0;0;29,1;29,1;53,1;45;0;0
71.JUEGO GOMAS;JUEGO DE GOMAS PARA AJUSTE PLATAFORMA ANTEO;71;;0;0;0;0;0;188,8;160;0;0
71.LLAVE.BATER.;DESCONECTADOR DE BATERIA PARA PLATAFORMA ANTEO;71;;0;0;0;4,2;4,2;22,42;19;0;0
71.MACHONGIRAT.;"MACHON GIRATORIO ORIGINAL FASSI DE 1/2"" 0 3/8";71;;0;0;0;0;0;14,986;12,7;0;0
71.MANDO DIST.3ZON;MANDO A DISTANCIA 3 BOTONES CON CABLE IRAZU;71;;0;0;0;85;0;171,1;145;0;0
71.MANDO DIST.ZONA;MANDO A DISTANCIA DE 2 BOTONES CON CABLE IRAZU;71;;0;0;0;66,5;0;147,5;125;0;0
71.MANDO DISTANC.;MANDO A DISTANCIA+RECEPTOR ADAPTABLE A PLATAFORMA O CABRESTANTE;71;;0;0;0;172;190,61;330,4;280;0;0
71.MANDODHOLL.2PUL;MANDO A DISTANCIA DE 2 PULSADORES DHOLLANDIA CON CABLE;71;;0;0;0;71,28;72,1;174;150;0;0
71.MODULO ANALOG.;MODULO ANALOGICO DANFOSS;71;;0;0;0;442;463,26;682,04;578;0;0
71.MODULO DIGITAL;MODULO DIGITAL DANFOSS;71;;0;0;0;442;728,3;682,04;578;0;0
71.POMO.GRUA;POMO MANDO GRUA;71;;0;0;0;3,49;0;8,26;7;0;0
71.SEG.GANC.GRANDE;SEGURO GANCHO GRUA GRANDE;;;0;0;0;12,58;26,67;44,25;37,5;0;0
71.SOPORTE.ALUM;SOPORTE DE ALUMINIO PARA PALANCA DISTRIBUIDOR GRUA;71;;0;0;0;18,9;0;33,4412;28,34;0;0
71.SOPORTEMANDO;SOPORTE MANDO DISTRIBUIDOR GRUA;71;;0;0;0;20,79;20,79;32,7096;27,72;0;0
71.TAPONDEP.ACEITE;TAPON PARA DEPOSITO DE ACEITE DE GRUA F.95;71;;0;0;0;11,93;11,93;18,762;15,9;0;0
71.TERMOST.INTERSE;TERMOSTATO INTERSEAL PARA ENFRIADOR DE ACEITE;71;;0;0;0;35,93;35,93;88,5;75;0;0
71.TERMOSTATO;TERMOSTATO DE ENFRIADOR DE ACEITE;71;;0;0;0;64,48;0;100,3;85;0;0
71.VALVUL.GIROGRUA;VALVULA REGULADORA BOTELLA GIRO GRUA;71;;0;0;0;36,09;0;60,2862;51,09;0;0
71BANDERA.ZEP.;BANDERAS ZEPRO (UN PAR CON SUS SOPORTES);71;;0;0;50;19,4;8,01;35,4;30;0;0
71BAT.MANDHBCAZUL;BATERIA MANDO HBC AZUL GRANDE;71;;0;0;0;220;448;290;250;0;0
71BATERIA RAD.M.IT;BATERIA RADIO MANDO ITOWA;71;;0;0;40;45,68;45,68;75,461;63,95;0;0
71BATMANDHBC;BATERIA PARA MANDO HBC NARANJA;71;;0;0;0;97,7;0;171,1;145;0;0
71BOB.ELECT.;BOBINA ELECTROVALVULA GRUA;71;;0;0;0;14,22;0;42,3148;35,86;0;0
71CAJA.MANDO PLAT.;CAJA MANDO PLATAFORMA;71;;0;0;10;117,7;0;152,7746;129,47;0;0
71CIERREPLATAF.;CIERRE PARA PLATAFORMA ELEVADORA (PLATO ALUMINIO);71;;0;0;25;107,31;107,31;158,297;134,15;0;0
71FILTROACEITE;CARTUCHO FILTRO PARA DEPOSITO DE ACEITE DE GRUA DE F.80 A F360;71;;0;0;0;19,48;0;38,94;33;0;0
71FLT.P.O01ZFI0002;FILTRO DE PRESION PARA GRUA DE F.80 A F.310;71;;0;0;0;47,7;56,73;76,7;65;0;0
71GANCHO.GRUA.7TM.;GANCHO GRUA 7 TM. CON SEGURO;71;;0;0;0;90,89;90,89;169,9318;144,01;2;1
71GANCHO.GRUA.8000;GANCHO GRUA DE 8 TM. CON SEGURO;71;;0;0;50;103,13;103,13;200,6;170;0;0
71GOMA.CONT.;GOMA CONTACTOR BOTONERA;;;0;0;30;4,68;0;7,1744;6,08;0;0
71GOMA.MANDO;GOMA PROTECTOR BOTONERA PLATAFORMA;71;;0;0;30;4,08;4,08;6,2658;5,31;0;0
71INTERRUPTOR;INTERRUPTOR CONTACTOR PARA PLATAFORMA (PULSADOR);71;;0;0;40;13,32;0;24,8272;21,04;0;0
71M.D.ANTEO;MANDO A DISTANCIA PARA PLATAFORMA ANTEO (TRES PULSADORES);71;;0;0;0;174,72;0;285,8904;242,28;0;0
71M.DIST.H;MANDO A DISTANCIA HECHO 2 BOTONES;71;;0;0;0;0;0;122,13;103,5;0;0
71M.DIST.H.3;MANDO A DISTANCIA HECHO DE 3 BOTONES;71;;0;0;0;0;0;147,5;125;0;0
71MD0001;MANDO A DISTANCIA MODERNO 3 BOTONES PARA ERHEL;71;;0;0;0;115,29;0;236;200;0;0
71MD002;MANDO A DISTANCIA ORIGINAL ERHEL DE DOS BOTONES;71;;0;0;0;98,82;0;177,295;150,25;0;0
71MF1111;MANDO FIJO PLATAFORMA;71;;0;0;0;99,17;99,17;181,72;154;0;0
71MP2002;MANDO A DISTANCIA PLATAFORMA ZEPRO;71;;0;0;30;25623;154;206,5;175;0;0
71PILOT.LUZ.CONT;PILOTO COMPLETO LUZ DE CONTROL GRUA;71;;0;0;0;12,8;12,8;18,8564;15,98;0;0
71PPPANTE0;PULSADOR DE PIE (ANTEO) MICROINTERRUPTOR;71;;0;0;0;18,3;18,3;28,7216;24,76;0;0
71SEG.GRUA.G;SEGURO GANCHO GRUA MEDIANO;71;;0;0;0;10,17;0;32,0134;27,13;0;0
71SEG.GRUA.P;SEGURO GANCHO GRUA PEQUE?O;71;;0;0;0;8,9;5,62;28,6504;24,28;0;0
71SENSORINCLINA.12;SENSOR INCLINACION 12-24 V.PARA GRUAS;71;;0;0;0;66,6;89;115,758;98,1;0;0
71SOLENOIDE 12-24V;SOLENOIDE DE MOTOR-PLATAFORMA 12-24V,;71;;0;0;0;81,04;0;119,534;101,3;0;0
71SOP.DI.114;SOPORTE ALUMINIO PALANCA DISTRIBUIDOR GRUA REF: DI 114;71;;0;0;30;20,07;20,07;31,919;27,05;0;0
71SOP.MAND.EQUIPO;SOPORTE MANDO DISTRIBUIDOR EQUIPO;71;;0;0;0;18;18;41,3;35;0;0
71TM0001;TAPA MOTOR CON CIERRES RO11195933;71;;0;0;35;104,52;136,93;166,4862;141,09;0;0
71VALV.BLOQUEO;VALVULA BLOQUEO CILINDRO PRINCIPAL;71;;0;0;0;0;0;260,2726;220,57;0;0
72TR0114;"TUBO ROSCADO FIG 137 R 1""1/4-42";72;;0;0;40;3,08;0;5,0976;4,32;0;0
73.ABRAZA.DEPOSITO;ABRAZADERA PARA DEPOSITO DE ACEITE DE 140 LITROS;73;;0;0;0;0;0;31,86;27;0;0
73.ABRAZAD.DEPOSIT;ABRAZADERA PARA DEPOSIT.ACEITE DE 120 LITROS;73;;0;0;0;0;0;27,14;23;0;0
73.ELECTROV.1/8;ELECTROVALVULA DE 1/8+ RACORES (PARA SERVIS) MARCA CAMONZZI;73;;0;0;0;51,19;51,19;84,075;71,25;0;0
73.ELPRES.GRUA;ELECTROVALVULA PRESOSTATO GRUA;73;;0;0;0;104,4;104,4;175,9852;149,14;0;0
73.ENCHUFE.7POLOS;ENCHUFE DE 7 POLOS (24 V);73;;0;0;0;7,48;0;11,7646;9,97;0;0
73.MACHON 1/2;"MACHON DE 1/2""";73;;0;0;30;1;0;1,534;1,3;0;0
73.MACHON 3/8 1/2;"MACHON DE 3/8 A 1/2""";73;;0;0;30;0,86;0;1,3216;1,12;0;0
73.NIVEL DEP.ACE.;NIVEL DEPOSITO DE ACEITE;73;;0;0;0;1,7;0;3,0798;2,61;0;0
73.NIVELDEPOSITOAC;NIVEL DE ACEITE (GRANDE) CON TERMOMETRO;73;;0;0;0;15,28;13,7;27,73;23,5;0;0
73.PRESOST.KDS100;PRESOSTATO KDS100 (ACELERADOR PARA GRUA);73;;0;0;0;157,5;0;247,8;210;0;0
73.PRESOSTATOAIRE;PRESOSTATO DE AIRE REGULABLE;73;;0;0;0;26,55;26,55;41,3;35;0;0
73.TIRANTA;TIRANTA O SOPORTE COMPLETO PARA DEPOSITO ACEITE 120 LITROS;73;;0;0;0;0;0;111,333;94,35;0;0
73.VALVULABZL.100;VALVULA MONOBLOC BEZARES 100 L+PLACA BASE;73;;0;0;0;102,17;102,17;199,9156;169,42;0;0
73.VISORDEPOSITO;VISOR REDONDO DE 3/4 PARA NIVEL DE DEPOSITO DE ACEITE;73;;0;0;0;2,09;2,09;5,605;4,75;0;0
73AB5255;ABRAZADERA ESPECIAL M-8 MAG 52-55;73;;0;0;40;0,98;0;1,6166;1,37;0;0
73ARAND.METG.;"ARANDELA METAL GOMA DE 1/2""";73;;0;0;30;0,22;0,22;0,3422;0,29;0;0
73CODO 1/2;CODO DE 1/2;73;;0;0;0;0;0;4,8498;4,11;0;0
73CODO.3/8;CODO DE 3/8;73;;0;0;0;0;0;4,2598;3,61;0;0
73CODO.90? 3/4;"CODO 90? M-H DE 3/4"" JIC";73;;0;0;30;2,98;0;4,5666;3,87;0;0
73DC3012;DESVIADOR DE CAUDAL1/2 3 VIAS ALTA PRESION;73;;0;0;35;0;45,67;72,747;61,65;0;0
73DC3034;DESVIADOR DE CAUDAL 3/4 3 VIAS ALTA PRESION;73;;0;0;35;0;51,27;81,6678;69,21;0;0
73DP0120;DEPOSITO ACEITE 120L.;73;;0;0;1;227,75;227,75;354,6018;300,51;0;0
73DP0150;DEPOSITO DE ACEITE DE 150 L.;73;;0;0;1;363,16;0;432,8122;366,79;0;0
73DP0160;DEPOSITO ACEITE 160L. 600 X 540 X 600;73;;0;0;0;240,6;240,6;436,7888;370,16;0;0
73DPACGRUA105;DEPOSITO DE ACEITE PARA GR?A FASSI F100 A F110;73;;0;0;0;0;35174;332,6066;281,87;0;0
73EF0A45;INTERCAMBIADOR A45 1E AP 24V (ENFRIADOR DE ACEITE );73;;0;0;30;391,65;391,65;600,797;509,15;0;0
"73EHASPL.1""";"ENCHUFE HIDRAULICO ASIENTO PLANO DE 1""";73;;0;0;0;66,64;66,64;102,2352;86,64;0;0
73EHASPL.1/2;"ENCHUFE HIDRAULICO ASIENTO PLANO DE 1/2""";73;;0;0;0;0;0;42,48;36;0;0
73EHASPL.3/4;ENCHUFE HIDRAULICO ASIENTO PLANO DE 3/4;73;;0;0;0;27,98;27,98;61,36;52;0;0
73ENFRIADOR150L.;ENFRIADOR DE ACEITE 150 LITROS;73;;0;0;0;334,72;334,72;768,77;651,5;0;0
73ER 0012;CUERPO HEMBRA ENCHUFE RAPIDO 1/2;73;;0;0;20;0;16,2;25,8066;21,87;0;0
73ER01CB;"ENCHUFE RAPIDO DE 1"" C.BOLA ER0001CB";73;;0;0;5;62,96;0;43,6128;36,96;0;0
73G00031;GOMA HIDROCARB. DE 40 X 54 (PARA ENTRADA ACEITE BOMBA) POR METROS.;73;;0;0;0;12,38;12,38;19,47;16,5;0;0
73GO0032;MANGUERA HIDROCARB 32 X 44 1900 R;73;;0;0;30;11,07;0;16,9802;14,39;0;0
73JUREP.VALVULA;JUEGO REPARACION PARA VALVULA MONOBLO PLACA BASE Y FINAL DE CARRERA;73;;0;0;0;5,4;5,4;21,24;18;0;0
73LC0001;LOCTITE FORMA JUNTAS;73;;0;0;30;7,15;7,15;10,974;9,3;0;0
73LC0002;LOCTITE SILICONA PARA JUNTAS 15766;73;;0;0;30;4,9;4,9;7,5284;6,38;0;0
73MACHON 1/2;"MACHON DE 1/2 A 3/8 """;73;;0;0;30;0,9;0,9;1,3806;1,17;0;0
73MACHON 3/4;MACHON DE 3/4;73;;0;0;0;0;0;4,9678;4,21;0;0
73MACHON 3/8;"MACHON SOLDABLE DE 3/8""";73;;0;0;30;11,2;11,2;17,1808;14,56;0;0
73MACHON.3/8;MACHON DE 3/8 JIC;73;;0;0;0;0;0;6,7378;5,71;0;0
73MANG.3/4;MANGUERA DE 3/4 (PRECIO METRO);73;;0;0;50;5,2;5,2;9,204;7,8;0;0
73MDIST.GRUA;MANDO DE DISTRIBUIDOR DE GRUA;73;;0;0;0;0;0;10,6436;9,02;0;0
73RP34CB;ENCHUFE RAPIDO DE 3/4 C.BOLA ER0034CB;73;;0;0;5;35,97;27,38;33,925;28,75;0;0
73TD0002;TAPON PARA NIVEL ACEITE DE DEPOSITO;73;;0;0;0;8,11;8,11;15,9536;13,52;0;0
73TDM0001;TAPON METALICO DEPOSITO DE ACEITE CROMADO;73;;0;0;0;16,16;0;37,76;32;0;0
73TDP0001;TAPON PLASTICO DEPOSITO DE ACEITE SMA MAHLE;73;;0;0;0;0;0;63,012;53,4;0;0
73TR0014;"TUBO ROSCADO FIG 137 R 1"" 1/4";73;;0;0;20;3,08;3,08;4,366;3,7;0;0
73TR5060;TERMOSTATO 50-60 36110650;73;;0;0;40;9,27;9,27;15,3164;12,98;0;0
73VA0A01;VALVULA ANTIRETORNO DE 1/2;73;;0;0;43;0;0;17,7354;15,03;0;0
73VA0A34;VALVULA ANTIRETORNO 3/4;73;;0;0;0;16,83;16,83;19,8594;16,83;0;0
73VA001C;MANDO NEUMATICO CON CHIVATO DE UNA TECLA (TOMA FUERZA);;;0;0;30;0;23,54;36,108;30,6;0;0
73VA002M;VALVULA NEUMATICA METAL;73;;0;0;30;0;10;15,34;13;0;0
73VA0012;VALVULA DOS VIAS 1/2;73;;0;0;35;13,37;0;21,2754;18,03;0;0
73VA0014;VAVULA 2 VIAS 1/4;73;;0;0;35;11,72;0;18,6676;15,82;0;0
73VAHPINF;ELECTROVALVULA PILOTADA HPI N.F 24V;73;;0;0;50;97,36;97,36;172,339;146,05;0;0
73VAHPINO;ELECTROVALVULA PILOTADA HPI N.O 24V.;73;;0;0;50;117,14;117,14;207,3378;175,71;0;0
73VF0001;VALVULA FINAL DE CARRERA 3/4;73;;0;0;35;0;31,03;49,4302;41,89;0;0
73VM0C35;VALVULA MONOBLOC FINAL DE CARRERA 350 VAMOFC35;73;;0;0;35;126,57;126,57;152,338;129,1;0;0
73VM0012;VALVULA FINAL DE CARRERA 1/2;73;;0;0;35;0;29,3;46,669;39,55;0;0
73VMOB28;VALVULA MONOBLOC PLACA BASE 280 VAMOPB28;73;;0;0;0;134,93;134,93;159,2174;134,93;0;0
73VMOB35;VALVULA MONOBLOC PLACA BASE 350 VAMOPB35;73;;0;0;2;87,62;105,65;162,2382;137,49;0;0
73VR00001;VALVULA REGULADORA ACELERADORA;73;;0;0;35;0;111,94;178,3216;151,12;0;0
74AB0178;ABRAZADERA NYLON NEGRA 178 X 4.8;74;;0;0;30;0,02;0;0,0354;0,03;0;0
76AB0816;ABRAZADERA SINFIN 8-16;76;;0;0;30;0,23;0;0,3422;0,29;0;0
77RA0068;RACOR UNION TC 6 X 8;77;;0;0;30;0,81;0;1,239;1,05;0;0
77RATHLA;"RACOR ""T"" HEMBRA LATERAL 3/4";77;;0;0;50;6,19;6,19;10,9622;9,29;0;0
77RR0001;RACOR CODO 45? ADMISION;77;;0;0;40;11,72;11,72;17,7354;15,03;0;0
78 T.CONEX.12;T. DE CONEXION NEUMATICA 12MM;;;0;0;30;2;0;3,068;2,6;0;0
78 T.CONEX.16MM;T. DE CONEXIN NEUMATICA 16MM;78;;0;0;30;2;0;3,068;2,6;0;0
78MONOM.CHIV.;MONOMANDO NEUMATICO CON CHIVATO;78;;0;0;50;38,62;38,62;94,518;80,1;0;0
78PIST.AIRE;PISTOLA DE AIRE CON MONTAJE INCLUIDO;78;;0;0;0;18,03;18,03;70,8;60;0;0
78T.CONEX. 10MM;T DE CONEXION NEUMATICA 10MM;78;;0;0;30;2;0;0;0;0;0
78T.CONEX.6MM;T DE CONEXION NEUMATICA DE 6MM;78;;0;0;30;1;0;1,534;1,3;0;0
78T.CONEX.8MM;T DE CONEXION NEUMATICA DE 8 M.M.;78;;0;0;0;0;0;8,5078;7,21;0;0
79EX00AT;SPOILER PARA NISSAN ATLEON;79;;0;0;0;169,03;169,03;354;300;0;0
79EX00CB;SPOILER PARA NISSAN CABSTAR;79;;0;0;30;107,28;107,28;318,6;270;0;0
79EX00EX;spoiler para mercedes sprinter;;;0;0;30;300;0;460,2;390;0;0
79EX00IV;SPOILER PARA IVECO DAILY CON HUECOS;79;;0;0;0;114,94;114,94;283,672;240,4;0;0
79EX00MERC.SPR;SPOILER PARA MERCEDES SPRINTER;79;;0;0;0;177,3;177,3;354;300;0;0
79EX002NI;SPOILER PARA NISSAN MODELO 110;79;;0;0;0;162,27;162,27;319,1428;270,46;0;0
80.EVAP.VIESA;EVAPORADOR PARA VIESA MASTER O INTELLIGEN CON ARO;80;;0;0;0;0;0;64,9;55;0;0
80.INTELL.12;CLIMATIZADOR VIESA INTELLIGENT 12 ( 14 CM. DE GROSOR);80;;0;0;0;603,85;603,85;1215,4;1030;0;0
80.LIQUIDOMULT;LIQUIDO MULTIPROPOSITO;80;;0;0;0;0;0;4,13;3,5;0;0
80.MICROTECLADO VI;MICROTECLADO PARA VIESA;80;;0;0;0;25;0;41,3;35;0;0
80.PASTILLA.VIESA;PASTILLA PARA VIESA (EN ENVASE UNITARIO);80;;0;0;0;13,3;0;27,14;23;0;0
80VI0001;CLIMATIZADOR VIESA ECON (LLEVA MANDO A DISTANCIA);80;;0;0;0;412;691,16;1109,2;940;0;0
80VI0002 INTELIGEN;CLIMATIZADOR VIESA INTELIGENT PLUS(MANDO A DISTANCIA PROGRAMABLE);80;;0;0;0;0;0;1180;1000;0;0
80VI0003;CLIMATIZADOR VIESA X-TREME (PARA MAQUINAS);80;;0;0;0;637;637;1174,1;995;0;0
81BD0001;BIELA DE DESCONEXION REF. 3321060;81;;0;0;40;2,94;2,94;4,8616;4,12;0;0
81CC0001;MANDO COMPLETO CC-1.00 N-1;81;;0;0;30;53,67;53,67;82,3286;69,77;0;0
81CC0002;MANDO COMPLETO CC-1.25 N-1;81;;0;0;30;55,11;55,11;84,547;71,65;0;0
81CC0003;MANDO COMPLETO CC-1.50 N-1;81;;0;0;30;56,53;56,53;86,7182;73,49;0;0
81CC0004;MANDO COMPLETO CC-1.65 N-1;81;;0;0;30;57,38;57,38;88,028;74,6;0;0
81CC0005;MANDO COMPLETO CC-1.75 N-1;81;;0;0;30;57,97;57,97;88,9248;75,36;0;0
81CC0006;MANDO COMPLETO CC-1.85 N-1;81;;0;0;30;58,54;58,54;90,7774;76,93;0;0
81CC0007;MANDO COMPLETO CC-2.00 N-1;81;;0;0;30;59,38;59,38;91,0842;77,19;0;0
81CC0008;MANDO COMPLETO CC-2.25 N-1;81;;0;0;30;60,81;60,81;93,279;79,05;0;0
81CC0009;MANDO COMPLETO CC-2.50 N-1;81;;0;0;30;70,61;62,23;95,4738;80,91;0;0
81CC0010;MANDO COMPLETO CC-2.75 N-1;81;;0;0;30;63,68;63,68;97,6804;82,78;0;0
81CC0011;MANDO COMPLETO CC-3.00 N-1;81;;0;0;30;65,09;65,09;99,8516;84,62;0;0
81CC0012;MANDO COMPLETO CC-3.25 N-1;81;;0;0;30;66,52;66,52;102,0346;86,47;0;0
81CC0013;MANDO COMPLETO CC-3.50 N-1;81;;0;0;30;67,94;67,94;104,2294;88,33;0;0
81CC0014;MANDO COMPLETO CC-3.75 N-1;81;;0;0;30;69,39;69,39;106,4478;90,21;0;0
81CC0015;MANDO COMPLETO CC-4.00 N-1;81;;0;0;30;70,59;70,59;108,2886;91,77;0;0
81FG0001;GUARDAPOLVOS PARA CABLE SIRGA (MANDOS EN ALTO GRUA);81;;0;0;0;4,35;2,94;11,21;9,5;0;0
81MC0001;MANDOS CABINA OLESA;81;;0;0;10;87,15;87,15;134,3902;113,89;0;0
81PA0001;PALANCA PARA CABLE DE MANDO PARA GRUAS SOBRE CAMION;81;;0;0;30;28,55;28,55;43,7898;37,11;0;0
81PO0001;POMO ( ROJO O NEGRO );81;;0;0;40;2,98;2,98;4,897;4,15;0;0
83CA0004;CADENA CINCADA DE 4MM;83;;0;0;30;3,94;3,94;6,0416;5,12;0;0
84EN0100;ENGRASADOR RECTO 10/100;84;;0;0;50;0,19;0,19;0,354;0,3;0;0
84EN90150;ENGRASADOR 90? 10/150;84;;0;0;30;0,48;0,48;0,7434;0,63;0;0
84ENO150;ENGRASADOR RECTO 10/150;84;;0;0;30;0,23;0,23;0,3422;0,29;0;0
85SJ0516;SUJETACABLES 5/16;85;;0;0;30;0,28;0,28;0,4248;0,36;0;0
86CA0067;CABLE ACERO GALVANIZADO PLASTIFICADO 6 X 7 + 1;86;;0;0;30;1,05;1,05;1,6048;1,36;0;0
86CABLE 8X6900;CABLE COMPLETO DE ACERO DE 6.900 M.M. X 8 PARA PLATAFORMA;86;;0;0;0;48,78;0;77,3136;65,52;0;0
87.ROD.DOBLE;RODAMIENTO DOBLE CON PLETINA PARA CARRIL DE 50 GALVANIZADO;87;;0;0;0;1,38;1,38;4,779;4,05;0;0
87.RODILL.TRASERO;RODILLO TRASERO PARA LONA SIN SOPORTE;87;;0;0;0;34,66;34,66;51,1412;43,34;0;0
87.RODILLOCONTENED;RODILLO PARA CONTENEDOR DE 160 M.M.DIAMETRO;87;;0;0;0;36;0;55,224;46,8;0;0
87RAC008;RODAMIENTO DIAM.30 M-8 ARQUILLADA CORREDERA;87;;0;0;50;1,11;1,11;5,31;4,5;0;0
87RAC0010;RODAMIENTO DIAM.35 M-10 ARQUILLO CORREDERO;87;;0;0;50;1,11;1,11;5,782;4,9;0;0
87ROCGANCHO;ROCE DE GANCHO DE CARNE (PLASTICO DE COLOR BLANCO);87;;0;0;0;0;0;2,9;2,5;0;0
87ROD.DOBLE;RODAMIENTO DOBLE CON PLETINA;87;;0;0;0;3,62;1,98;10,62;9;0;0
87RODILL.CONTENEDO;RODILLO PARA CONTENEDOR DE 20O M.M. DE DIAMETRO;87;;0;0;0;42;0;63,366;53,7;0;0
87RODILLOCONTEN100;RODILLO PARA CONTENEDOR DE 100 M.M. DE DIAMETRO;87;;0;0;0;21;21;41,3;35;0;0
88.ACTUADORELECTRI;ACTUADOR ELECTRICO KES5 BAYONETA;88;;0;0;0;95,89;95,89;174,0854;147,53;0;0
88.AIRPLUSJ.CORTES;AIR PLUS 12 O 24 V. PARA TDF. (J.CORTES);88;;0;0;0;0;0;253,7;215;0;0
88.COMPRESORAIRPLU;AIR PLUS DE 12 V. PARA T.D.F.(KIT NEUMATICO DE PRESION ) INDAGRO;88;;0;0;0;181,23;115,83;328,9958;278,81;0;0
88.HORQUIL.ZF;HORQUILLA TOMA FUERZA;88;;0;0;0;19,12;0;41,3;35;0;0
88.PI?ONDESP.;PI?ON DESPLAZABLE PARA TOMA DE FUERZA;88;;0;0;0;34,86;34,86;72,1688;61,16;0;0
88B0EN15;BOMBA ENGRANAJES, CAUDAL 15 L.;88;;0;0;0;0;0;194,5584;164,88;0;0
88B0EN25;BOMBA ENGRANAJES, CAUDAL 25 L.;88;;0;0;0;0;0;197,8742;167,69;0;0
88B0EN36;BOMBA ENGRANAJES, CAUDAL 36 L.;88;;0;0;0;0;0;260,072;220,4;0;0
88B0EN46;BOMBA ENGRANAJES, CAUDAL 46 L.;88;;0;0;0;0;0;271,636;230,2;0;0
88B0EN55;BOMBA ENGRANAJES, CAUDAL 55 L.;88;;0;0;0;0;0;277,8428;235,46;0;0
88B04P24;BOMBA 4 PISTONES, CAUDAL 24 L.;88;;0;0;0;0;0;353,705;299,75;0;0
88B06P36;BOMBA 6 PISTONES, CAUDAL 36 L.;88;;0;0;0;0;0;417,012;353,4;0;0
88B08P48;BOMBA 8 PISTONES, CAUDAL 48 L.;88;;0;0;0;0;0;541,0654;458,53;0;0
88B10P60;BOMBA 10 PISTONES, CAUDAL 60 L.;88;;0;0;0;0;0;629,235;533,25;0;0
88B12P72;BOMBA 12 PISTONES, CAUDAL 72 L.;88;;0;0;0;0;0;721,393;611,35;0;0
88B060L0;BOMBA 60L CARCARASA 45? MONODIR;88;;0;0;0;386,21;386,21;771,9324;654,18;0;0
88B0540;BOMBA 5 PISTONES, 40 L;88;;0;0;5;406;406;503,034;426,3;0;0
88BEAP15;BOMBA ENGRANAJES 15L. ALTA PRES.;88;;0;0;0;0;0;388,2554;329,03;0;0
88BEAP25;BOMBA ENGRANAJES 25L. ALTA PRES.;88;;0;0;0;0;0;393,6716;333,62;0;0
88BEAP35;BOMBA ENGRANAJES 35L. ALTA PRESION;88;;0;0;0;0;0;402,0968;340,76;0;0
88BEAP45;BOMBA ENGRANAJES 45L. ALTA PRESION;88;;0;0;0;0;0;406,3094;344,33;0;0
88BEAP55;BOMBA ENGRANAJES 55L. ALTA PRESION;88;;0;0;0;0;0;414,1328;350,96;0;0
88BEAP64;BOMBA ENGRANAJES 64L. ALTA PRESION;88;;0;0;0;0;0;424,3516;359,62;0;0
88BEAP90;BOMBA ENGRANAJES 90L. ALTA PRESION;88;;0;0;0;0;0;554,9186;470,27;0;0
88BEAP110;BOMBA ENGRANAJES 110L. ALTA PRESION;88;;0;0;0;0;0;583,4864;494,48;0;0
88BF130;BOMBA VOLVO F1-30;88;;0;0;5;581,57;581,57;720,567;610,65;0;0
88BF140;BOMBA VOLVO F1-40;88;;0;0;5;627,8;627,8;777,8442;659,19;0;0
88BO0030;BOMBAS 30 LITROS;88;;0;0;20;337,6;337,6;478,0416;405,12;0;0
88BO0040;BOMBA 40 LITROS;88;;0;0;0;0;0;0;0;0;0
88BO0050;BOMBAS 50 LITROS;88;;0;0;20;421,49;421,49;596,8322;505,79;0;0
88BO0060;BOMBAS 60 LITROS;88;;0;0;0;0;0;0;0;0;0
88BO0110;BOMBAS 110 LITROS;88;;0;0;0;0;0;0;0;0;0
88BP0014;BOMBA PISTONES 14L. PARA COMPACTAR;88;;0;0;0;0;0;541,4784;458,88;0;0
88BP14S2;BOMBA PISTONES 14 L. SALIDA 21UNI222;88;;0;0;0;0;0;524,2386;444,27;0;0
88BP0025;BOMBA PISTONES 25L. PARA COMPACTAR;88;;0;0;0;0;0;578,1764;489,98;0;0
88BP25S2;BOMBA PISTONES 25L. SALIDA 21UNI222;88;;0;0;0;0;0;560,6298;475,11;0;0
88BP0035;BOMBA PISTONES 35L. PARA COMPACTAR;88;;0;0;0;0;0;639,2296;541,72;0;0
88BP35S2;BOMBA PISTONES 35L. SALIDA 21UNI222;88;;0;0;0;0;0;619,5826;525,07;0;0
88BP0050;BOMBA PISTONES 50L. PARA COMPACTAR;88;;0;0;0;0;0;671,125;568,75;0;0
88BP50S2;BOMBA PISTONES 50L. SALIDAD 21UNI222;88;;0;0;0;0;0;646,3686;547,77;0;0
88BP0058;BOMBA PISTONES 58L. PARA COMPACTAR;88;;0;0;0;0;0;687,3618;582,51;0;0
88BP58S2;BOMBA PISTONES 58L. SALIDA 21UNI222;88;;0;0;0;0;0;661,6968;560,76;0;0
88BP0080;BOMBA PISTONES 80L. PARA COMPACTAR;88;;0;0;0;0;0;781,632;662,4;0;0
88BP0100;BOMBA PISTONES 100L. PARA COMPACTAR;88;;0;0;0;0;0;928,3178;786,71;0;0
88BP5050;BOMBA PISTONES DOBLE CAUDAL 50+50L;88;;0;0;0;0;0;1398,7956;1185,42;0;0
88BPCI30;BOMBA PISTONES 30 L. CUERPO INCLINADO;88;;0;0;0;352,75;0;662,1806;561,17;0;0
88BPCI43;BOMBA PISTONES 43L. CUERPO INCLINADO;88;;0;0;0;0;0;749,9136;635,52;0;0
88BPCI60;BOMBA PISTONES 60L. CUERPO INCLINADO;88;;0;0;0;0;0;771,9324;654,18;0;0
88BPCI80;BOMBA PISTONES 80L. CUERPO INCLINADO;88;;0;0;0;0;0;831,0858;704,31;0;0
88JUNTACUAD.4T;JUNTA CUADRADA CUATRO TALADROS;88;;0;0;0;1,48;0;3,54;3;0;0
88KITBHYD25L;KIT REPARACION BOMBA HYDROCAR 25 L (2 PLACAS+2 RETENES);88;;0;0;35;146,02;146,02;232,6016;197,12;0;0
88TM00ZF;TOMA DE FUERZA ZF 60L;88;;0;0;30;315,18;315,18;409,73;409,73;0;0
88TM0906;TOMA FUERZA SCANIA;88;;0;0;20;504,07;504,07;713,7584;604,88;0;0
88TM5252;TOMA FUERZA TURNER;88;;0;0;20;312,76;312,76;442,8658;375,31;0;0
88TM6003;TOMA FUERZA MERCEDES;88;;0;0;20;351,98;351,98;498,4084;422,38;0;0
89ACNM00;ACOPLE CARROCERIA NM X2433.A024-6;89;;0;0;0;9,29;9,29;10,9622;9,29;0;0
89ACNMDO;ACOPLE CARROCERIA NM DOBLE X2433.A030-1;89;;0;0;0;12,17;12,17;14,3606;12,17;0;0
89ANICON;ANILLO DEL CONECTOR X2433.A010-8;89;;0;0;0;0,32;0,32;0,708;0,6;0;0
89C?BJ55;CA?O BAJADA 55 CM X2433.A043-0;89;;0;0;0;9,5;9,5;11,21;9,5;0;0
89CO3814;"CONECTOR CODO 3/8"" X 1/4"" X1413.A025-8";89;;0;0;0;0,59;0,59;0,6962;0,59;0;0
89CONINF;CONECTOR INFERIOR X2433.A048-7;89;;0;0;0;6,31;6,31;7,4458;6,31;0;0
89CONSUP;CONECTOR SUPERIOR X2433.A047-5;89;;0;0;0;5,65;5,65;6,667;5,65;0;0
89CTCUBR;CURVA TAPA CUBRERROTOR X1413.A060-0;89;;0;0;0;0,9;0,9;1,062;0,9;0;0
89DISOPR;DISCO SOPORTE ROTOR 280 M.M. X1416.A064-0;89;;0;0;0;21,56;21,56;25,4408;21,56;0;0
89DSR150;DISCO SOPORTE ROTOR 150 M.M. X1416.A097-2;89;;0;0;0;10,82;10,82;12,7676;10,82;0;0
89DSR215;DISCO SOPORTE ROTOR 215 M.M. X1416.A050-2;89;;0;0;0;14,12;14,12;16,6616;14,12;0;0
89ESTS19;ESTRELLA SOPORTE 190 M.M. X1416.A092-5;89;;0;0;0;10,34;10,34;12,2012;10,34;0;0
89JUVINF;JUNTA PARA VALVULA INFLADO X1411.A007-5;89;;0;0;0;0,15;0,15;0,177;0,15;0;0
89KESPR4;KIT EJE SOPORTE ROTOR 335 X 41 X1416.A232-8;89;;0;0;0;25,63;25,63;30,2434;25,63;0;0
89KESPRO;KIT EJE SOPORTE ROTOR 335 X 21 X1416A230-4;89;;0;0;0;25,63;25,63;30,2434;25,63;0;0
89SPACVA;SOPORTE ACOPLE CARROCERIA VARIABLE X2433.A056-6;89;;0;0;0;33,81;33,81;39,8958;33,81;0;0
89SR335P;SOPORTE ROTOR 335 M.M. PLANO X1416.A160-9;89;;0;0;0;9,38;9,38;11,0684;9,38;0;0
89SRDT21;SOPORTE ROTOR DOBLE T 210 M.M. X1416.A093-7;89;;0;0;0;12,65;12,65;14,927;12,65;0;0
89TACUGR;TAPA CUBRERROTOR GRIS X1413.A064-5;89;;0;0;0;3,37;3,37;3,9766;3,37;0;0
89TANF38;"TAPON NF 3/8"" X1414.A012-6";89;;0;0;0;0,45;0,45;0,531;0,45;0;0
89TEC?BJ;TERMINAL CA?O BAJADA X2433.A015-5;89;;0;0;0;1,8;1,8;2,124;1,8;0;0
89VCONFJ;VALVULA DE CONEXION FIJA X1411.A012-1;89;;0;0;0;15,18;15,18;17,9124;15,18;0;0
89VINFCO;VALVULA INFLADO CODO X1411.A001-6;89;;0;0;0;12,92;12,92;15,2456;12,92;0;0
89VINFCT;VALVULA INFLADO CORTA X1411.A002-8;89;;0;0;0;10,82;10,82;12,7676;10,82;0;0
89VINFLG;VALVULA INFLADO LARGA X1411.A003-0;89;;0;0;0;13,82;13,82;16,3076;13,82;0;0
90TEL4FUN;TELEMANDO 4 FUNCIONES;90;;0;0;0;3260,49;3260,49;6737,3398;5709,61;0;0
90TEL5FUN;TELEMANDO 5 FUNCIONES;90;;0;0;0;0;0;7446,5434;6310,63;0;0
91PLAT100;PLATAFORMA ELEVADORA ZEPRO 1000KG.;91;;0;0;0;2773,67;2773,67;4652,3152;3942,64;0;0
91PLAT750;PLATAFORMA ELEVADORA ZEPRO 750 KG.;91;;0;0;0;0;0;4659,407;3948,65;0;0
91PLAT1500;PLATAFORMA ELEVADORA ERHEL 1.500 KG.;91;;0;0;0;2975,01;2975,01;4992,7334;4231,13;0;0
92CEST1P.;CESTA PORTA-OPERARIOS PARA UNA PERSONA;92;;0;0;0;1466;1278;2360;2000;0;0
92CEST2P;CESTA PORTA-OPERARIOS 2 PERSONAS;92;;0;0;0;1720;1464,97;2773;2350;0;0
93 CONTEN.3000;CONTENEDOR PARA EQUIPO DE 3.000 KG.;93;;0;0;0;496,1;450,76;744,58;631;0;0
93 EQUIPO 20000;EQUIPO PORTA-CONTENEDORES DE 20.000 KG.;93;;0;0;0;10706;0;19151,4;16230;0;0
93.CONTEN.14TM.;CONTENEDOR PARA EQUIPO DE 14.000 KG.;93;;0;0;0;1256,2;0;2065;1750;0;0
93.CONTEN.EQP.20TM;CONTENEDOR PARA EQUIPO DE 20 TM.;93;;0;0;0;0;0;0;0;0;0
93.GANCHO T.3TM;GANCHO TORRETA PARA EQUIPO PORTA-CONT.DE 3 TM.;93;;0;0;0;43;0;92,04;78;0;0
93.GANCHO TORR.12;GANCHO TORRETA PARA EQUIPO PORTACONT.DE 12 A 25 TM;93;;0;0;0;95;95;171,1;145;0;0
93.GANCHO.5TM.;GANCHO TORRETA PARA EQUIPO PORTA-CONTENED. DE 5 TM.;93;;0;0;35;50;0;105,02;89;0;0
93CONTEN.5000;CONTENEDOR PARA EQUIPO DE 5.000 KG.;93;;0;0;0;562,1;510,86;849,6;720;0;0
93CONTEN.8000;CONTENEDOR PARA EQUIPO DE 8.000 KG.;93;;0;0;0;695,2;631,06;1062;900;0;0
93CONTEN.10000;CONTENEDOR PARA EQUIPO DE 10.000 KG.;93;;0;0;0;827,2;751,27;1169,38;991;0;0
93CONTEN.12000;CONTENEDOR PARA EQUIPO DE 12.000 KG.;93;;0;0;0;1223,2;1111,87;1911,6;1620;0;0
93EQUIPO 3000;EQUIPO PORTA-CONTENEDORES DE 3.000 KG.;93;;0;0;0;3337,4;0;7802,16;6612;0;0
93EQUIPO 5000;EQUIPO PORTA-CONTENEDORES DE 5000 KG.;93;;0;0;0;4347,2;0;9510,8;8060;0;0
93EQUIPO 8000;EQUIPO PORTA-CONTENEDORES DE 8000 KG.;93;;0;0;0;6000,5;0;11174,6;9470;0;0
93EQUIPO 10000;EQUIPO PORTA-CONTENEDORES DE 10.000 KG.;93;;0;0;0;6748,49;5709,61;13157;11150;0;0
93EQUIPO 12000;EQUIPO PORTA-CONTENEDORES DE 12.000 KG.;93;;0;0;0;9533;0;15246,78;12921;0;0
93EQUIPO 14000;EQUIPO PORTA-CONTENEDORES DE 14.000 KG.;93;;0;0;0;9865;0;15955,96;13522;0;0
93EQUIPO 16000;EQUIPO PORTA-CONTENEDORES DE 16.000 KG.;93;;0;0;0;10363;0;16665,14;14123;0;0
93GANCHO.8TM.;GANCHO TORRETA PARA EQUIPO-PORTACONTENEDORES DE 8 TM.;93;;0;0;35;61;0;112,1;95;0;0
93GANCHO.10TM.;GANCHO TORRETA PARA EQUIPO PORTA-CONTENEDORES DE 10 TM.;93;;0;0;35;61;0;147,5;125;0;0
93MENJREP.MANEQUIP;MEMBRANA DE AIRE PARA MANDO CABINA;93;;0;0;0;10;0;17,7;15;0;0
95GASES.0001;BOTELLA DE ACETILENO;95;;0;0;0;173,14;0;230,1;195;0;0
95GASES.0002;BOTELLA DE PROTAR, ARCAL O C- 15;95;;0;0;0;67,29;0;151,04;128;0;0
95GASES.0003;BOTELLA DE OXIGENO;95;;0;0;0;44,35;0;115,64;98;0;0
096GTIR;GANCHO TIR O DE NARIZ;9;;0;0;0;0;0;1,298;1,1;0;0
96P.E CE 10 H/HS;PUERTA ELEVADORA CE10H H/S 1000KG;96;;0;0;20;0;4478;6340,848;5373,6;0;0
96P.E MP 075;PUERTA ELEVADORA ANTEO MP 075C/H;96;;0;0;20;0;25,83;6084,552;5156,4;0;0
97.HUSILLO;HUSILLO BOLA H025 BAS/93 R PARA ENGANCHE 3.500 KG.;97;;0;0;0;40,42;40,42;71,744;60,8;0;0
97ENGANCHE;ENGANCHE DE ARRASTRE DE 3.500 KG.;97;;0;0;0;47,48;47,48;91,4854;77,53;0;0
97TRAVESA?O;TRAVESA?O HOMOLOGADO PARA ENGANCHE;97;;0;0;0;154,94;0;253,8888;215,16;0;0
98CORT001;DESBARBADORAS;98;;0;0;30;180;180;276,12;234;0;0
98CORT005;HOJAS DE SIERRA DE CORTE;98;;0;0;30;20;0;30,68;26;0;0
98SOLD001;PINZAS DE SOLDADURA;98;;0;0;30;120;0;184,08;156;0;0
98SOLD005;SPRAY ANTIADHERENTE;98;;0;0;30;20;20;30,68;26;0;0
98SOLD010;BOQUILLAS PARA PINZAS DE SOLDAR;98;;0;0;30;2;2;3,068;2,6;0;0
98SOLD015;BOQUILLA ROSCADA SOLDADURA;98;;0;0;30;1;0;1,534;1,3;0;0
98SOLD020;RELOJ MANOMETRO PROTAR;98;;0;0;30;40;0;61,36;52;0;0
100.CARGA-PACAS;CARGA-PACAS INDUSTRIAL;100;;0;0;0;342,58;342,58;886,4986;751,27;0;0
101BALANTIC;BARRA ALUMINIO DE ANTI-CICLISTA (PRECIO POR METRO);101;;0;0;0;6,4;0;16,52;14;0;0
101SVERT.ANTIC;SOPORTE VERTICAL PARA ANTI-CICLISTA;101;;0;0;0;14,16;0;23,6;20;0;0
101TAPANTIC;TAPES PARA TABLA ANTI-CICLISTAS;101;;0;0;0;0,54;0;1,18;1;0;0
101TCAR8X30+TUERCA;TORNILLO DE 8 X 30 + TUERCA FRENO (ANTI-CICLISTAS);101;;0;0;0;0;0;1,121;0,95;0;0
203.G.AUT-C;GRUA AUTO-CRANE CON CABRESTANTE;203;;0;0;0;1396,5;1396,5;2354,5248;1995,36;0;0
203F0030;GRUA FASSI F30;203;;0;0;0;0;0;0;0;0;0
203F80A.21;GRUA F80A.21;203;;0;0;0;0;0;0;0;0;0
203F80A.22;GRUA F80A.22;203;;0;0;0;10517,71;0;16027,7866;13582,87;0;0
203F095;GRUA FASSI F95;201;;0;0;0;0;0;0;0;0;0
203F95.A23;GRUA F.95.A.23;203;;0;0;0;13282,37;13282,37;19290,0854;16347,53;0;0
203F110A.23;GRUA F110A.23;203;;0;0;0;14063,68;0;20424,797;17309,15;0;0
203F110A.24;GRUA F110A.24;203;;0;0;0;14845;14845;0;0;0;0
203F0130;GRUA FASSI F130;203;;0;0;0;0;0;0;0;0;0
203F150;GRUA F150;20;;0;0;20;18500;0;26196;22200;0;0
203F1500;GRUA FASSI F150;203;;0;0;0;18333,57;18333,57;0;0;0;0
203F2400;GRUA FASSI 240;203;;0;0;0;21335,93;21335,93;0;0;0;0
203GRAP.AUTO-C;GRAPA PARA GRUA AUTO-CRANE;;;0;0;0;84,14;84,14;141,836;120,2;0;0
500ELHIDPULS;KIT CON ELEVACION HIDRONEUM. CON PULSADOR;500;;0;0;0;3550,51;3550,51;0;0;0;0
500LEHP;KIT CARROC. LONAS DE 13650 * 2440 * 2600;50;;0;0;30;4114,2;4114,2;6311,1828;5348,46;0;0
0710TLF110;TUBO LARGO DE PROLONGAS DE GRUA FASSI, F110.;710;;0;0;0;30,7;30,7;53,1236;45,02;5;1
13210A140;TABLA ALUMINIO APILABLE DE 140 * 2600 MM ( METRO);13;;0;0;0;12,74;12,74;17,7;15;0;0
ALET.GUARD.METALIC;ALETA GUARDABARROS METALICO DE 600 X 540 + TIRANTAS;18;;0;0;0;0;0;25,96;22;0;0
BANDATAPIZ.;BANDA TAPIZADA EN ACERO 5000 X 130 M.M. (PRECIO POR BARRA);15;;0;0;0;14,72;14,72;35,4;30;0;0
BISAG.HEMBRA TIR A;BISAGRA TIR (SOLO HEMBRA) ALUMINIO;35;;0;0;0;0;0;5,8292;4,94;0;0
BISG.TIR MACHO;BISAGRA TIR (SOLO MACHO) EN HIERRO;35;;0;0;0;0;0;4,9206;4,17;0;0
CONTENEDOR;CONTENEDOR PARA EQUIPO PORTACONTENEDORES;0;;0;0;0;0;0;0;0;0;0
HONDA;HONDA;0;;0;0;0;0;0;0;0;0;0
JUEGO BANDERAS;JUEGO DE BANDERAS ZEPRO CON SOPORTES;71;;0;0;0;0;0;34,8;30;0;0
MANGUERA ASPIRACIO;"MANGUERA ASPIRACION DE 1"" 1/4 O DE 40 DE INTERIOR";73;;0;0;0;14,05;14,05;24,19;20,5;0;0
OT TOYOTA;TOYOTA A REPARAR;0;;0;0;0;0;0;0;0;0;0
OT.BMC.;BMC A CARROZAR;0;;0;0;0;0;0;0;0;0;0
OT.MUELLE;OT.MUELLE DE CARGA;0;;0;0;0;0;0;0;0;0;0
OT.MUELLE CARGA;MUELLE DE CARGA;0;;0;0;0;0;0;0;0;0;0
OT.REMOLQUE;REMOLQUE A REPARAR;0;;0;0;0;0;0;0;0;0;0
OT.REMOLQUE 1;REMOLQUE A CARROZAR;0;;0;0;0;0;0;0;0;0;0
OTCITROEN;CITROEN A CARROZAR;0;;0;0;0;0;0;0;0;0;0
OTCITROEN 1;CITROEN A REPARAR;0;;0;0;0;0;0;0;0;0;0
OTDAF;DAF A CARROZAR;0;;0;0;0;0;0;0;0;0;0
OTDAF1;DAF A REPARAR;0;;0;0;0;0;0;0;0;0;0
OTFIAT;FIAT A CARROZAR;0;;0;0;0;0;0;0;0;0;0
OTFIAT 1;FIAT A REPARAR;0;;0;0;0;0;0;0;0;0;0
OTFORD;FORD A CARROZAR;0;;0;0;0;0;0;0;0;0;0
OTFORD 2;FORD A REPARAR;0;;0;0;0;0;0;0;0;0;0
OTISUZU;ISUZU A CARROZAR;0;;0;0;0;0;0;0;0;0;0
OTISUZU 2;ISUZU A REPARAR;0;;0;0;0;0;0;0;0;0;0
OTIVECO;IVECO A CARROZAR;0;;0;0;0;0;0;0;0;0;0
OTIVECO 2;IVECO A REPARAR;0;;0;0;0;0;0;0;0;0;0
OTLAND ROVER;LAND ROVER A CARROZAR;0;;0;0;0;0;0;0;0;0;0
OTLDV;LDV A CARROZAR;0;;0;0;0;0;0;0;0;0;0
OTLDV 2;LDV A REPARAR;0;;0;0;0;0;0;0;0;0;0
OTMAN;MAN A CARROZAR;0;;0;0;0;0;1,05;0;0;0;0
OTMAN2;MAN A REPARAR;0;;0;0;0;0;0;0;0;0;0
OTMERCEDES;MERCEDES A CARROZAR;0;;0;0;0;0;707,27;0;0;0;0
OTMERCEDES 2;MERCEDES A REPARAR;0;;0;0;0;0;324,2;0;0;0;0
OTMITSUBISHI;MITSUBISHI A CARROZAR;0;;0;0;0;0;0;0;0;0;0
OTNISSAN;NISSAN A CARROZAR;0;;0;0;0;0;0;0;0;0;0
OTNISSAN 2;NISSAN A REPARAR;0;;0;0;0;0;0;0;0;0;0
OTOPEL;OPEL A CARROZAR;0;;0;0;0;0;0;0;0;0;0
OTOPEL2;OPEL A REPARAR;0;;0;0;0;0;0;0;0;0;0
OTPEGASO;PEGASO A CARROZAR;0;;0;0;0;0;0;0;0;0;0
OTPEGASO 2;PEGASO A REPARAR;0;;0;0;0;0;0;0;0;0;0
OTPIAGGIO;PIAGGIO A CARROZAR;0;;0;0;0;0;0;0;0;0;0
OTRENAULT;RENAULT A CARROZAR;0;;0;0;0;0;0;0;0;0;0
OTRENAULT2;RENAULT A REPARAR;0;;0;0;0;0;1,05;0;0;0;0
OTSCANIA;SCANIA A CARROZAR;0;;0;0;0;0;0;0;0;0;0
OTSCANIA 2;SCANIA A REPARAR;0;;0;0;0;0;1,055;0;0;0;0
OTSEMIREM;SEMI-REMOLQUE A CARROZAR;0;;0;0;0;0;0;0;0;0;0
OTSEMIREM.2;SEMI-REMOLQUE A REPARAR;0;;0;0;0;0;0;0;0;0;0
OTTATA 2;TATA A REPARAR;0;;0;0;0;0;0;0;0;0;0
OTVOLVO;VOLVO A CARROZAR;0;;0;0;0;0;0;0;0;0;0
OTVOLVO 2;VOLVO A REPARAR;0;;0;0;0;0;42,4;0;0;0;0
OTWOLSVAGEN;WOLSVAGEN A CARROZAR;0;;0;0;0;0;0;0;0;0;0
OTWOLSVAGEN 2;WOLSVAGEN A REPARAR;0;;0;0;0;0;0;0;0;0;0
PERF.ALUM.U SOLAPE;PERFIL DE ALUMINIO DE U CON SOLAPA (PRECIO METRO);26;;0;0;0;0;0;6,254;5,3;0;0
PIL.LED;PILOTO LED;42;;0;0;0;10,4;0;19,47;16,5;0;0
SALIDA;SALIDA DE MATERIAL;0;;0;0;0;0;0;0;0;0;0
STOCK;STOCK GENERAL;0;;0;0;0;0;0;0;0;0;0